Task,Language,Threads,TotalTime,CompTime
randmat,ES,1,718.529341221,718.529341221
randmat,ES,1,716.60826087,716.60826087
randmat,ES,1,717.069020987,717.069020987
randmat,ES,1,708.337252855,708.337252855
randmat,ES,1,722.697546005,722.697546005
randmat,ES,1,716.041917801,716.041917801
randmat,ES,1,724.173959017,724.173959017
randmat,ES,1,718.236802101,718.236802101
randmat,ES,1,721.419126034,721.419126034
randmat,ES,1,725.333999872,725.333999872
randmat,ES,1,728.184219122,728.184219122
randmat,ES,1,715.59651494,715.59651494
randmat,ES,1,715.076269865,715.076269865
randmat,ES,1,713.731359959,713.731359959
randmat,ES,1,718.500348091,718.500348091
randmat,ES,1,717.498379946,717.498379946
randmat,ES,1,726.850570917,726.850570917
randmat,ES,1,720.235436916,720.235436916
randmat,ES,1,713.735567808,713.735567808
randmat,ES,1,723.29166317,723.29166317
randmat,ES,2,304.472457886,304.472457886
randmat,ES,2,263.262048006,263.262048006
randmat,ES,2,264.518225908,264.518225908
randmat,ES,2,263.759294987,263.759294987
randmat,ES,2,270.501564026,270.501564026
randmat,ES,2,292.729962111,292.729962111
randmat,ES,2,280.458736897,280.458736897
randmat,ES,2,296.348460913,296.348460913
randmat,ES,2,361.715867043,361.715867043
randmat,ES,2,292.708541155,292.708541155
randmat,ES,2,622.63645792,622.63645792
randmat,ES,2,294.142644882,294.142644882
randmat,ES,2,324.052054882,324.052054882
randmat,ES,2,281.329601049,281.329601049
randmat,ES,2,282.989755869,282.989755869
randmat,ES,2,379.202570915,379.202570915
randmat,ES,2,280.406350851,280.406350851
randmat,ES,2,277.831036806,277.831036806
randmat,ES,2,268.163443804,268.163443804
randmat,ES,2,314.778342962,314.778342962
randmat,ES,4,437.564216852,437.564216852
randmat,ES,4,386.197673082,386.197673082
randmat,ES,4,341.449425936,341.449425936
randmat,ES,4,346.354600906,346.354600906
randmat,ES,4,387.94661808,387.94661808
randmat,ES,4,327.524748802,327.524748802
randmat,ES,4,372.439488888,372.439488888
randmat,ES,4,281.813691854,281.813691854
randmat,ES,4,313.12846303,313.12846303
randmat,ES,4,286.532951117,286.532951117
randmat,ES,4,341.153944016,341.153944016
randmat,ES,4,447.94709897,447.94709897
randmat,ES,4,295.215298891,295.215298891
randmat,ES,4,402.102744102,402.102744102
randmat,ES,4,421.475647926,421.475647926
randmat,ES,4,456.973926067,456.973926067
randmat,ES,4,278.45877099,278.45877099
randmat,ES,4,311.747226954,311.747226954
randmat,ES,4,288.333181143,288.333181143
randmat,ES,4,325.361030102,325.361030102
randmat,ES,8,295.001308918,295.001308918
randmat,ES,8,306.767462015,306.767462015
randmat,ES,8,380.87677002,380.87677002
randmat,ES,8,294.505447149,294.505447149
randmat,ES,8,320.406208038,320.406208038
randmat,ES,8,361.492036104,361.492036104
randmat,ES,8,355.794754028,355.794754028
randmat,ES,8,300.93082118,300.93082118
randmat,ES,8,308.638245106,308.638245106
randmat,ES,8,503.740376949,503.740376949
randmat,ES,8,279.827092886,279.827092886
randmat,ES,8,343.496870995,343.496870995
randmat,ES,8,315.773123026,315.773123026
randmat,ES,8,314.722095013,314.722095013
randmat,ES,8,366.579312086,366.579312086
randmat,ES,8,311.364224911,311.364224911
randmat,ES,8,362.13568902,362.13568902
randmat,ES,8,383.015872955,383.015872955
randmat,ES,8,314.657488823,314.657488823
randmat,ES,8,303.578736067,303.578736067
randmat,ES,16,643.187188864,643.187188864
randmat,ES,16,657.236279964,657.236279964
randmat,ES,16,703.63695693,703.63695693
randmat,ES,16,701.675562859,701.675562859
randmat,ES,16,646.152177811,646.152177811
randmat,ES,16,644.064167023,644.064167023
randmat,ES,16,669.070615053,669.070615053
randmat,ES,16,704.852919817,704.852919817
randmat,ES,16,778.52849102,778.52849102
randmat,ES,16,695.743316889,695.743316889
randmat,ES,16,700.640835047,700.640835047
randmat,ES,16,680.275223017,680.275223017
randmat,ES,16,640.809951067,640.809951067
randmat,ES,16,646.678809881,646.678809881
randmat,ES,16,755.364962816,755.364962816
randmat,ES,16,656.354357004,656.354357004
randmat,ES,16,662.05282712,662.05282712
randmat,ES,16,692.597437859,692.597437859
randmat,ES,16,683.200550079,683.200550079
randmat,ES,16,670.64150095,670.64150095
randmat,ES,32,850.447132111,850.447132111
randmat,ES,32,841.347545862,841.347545862
randmat,ES,32,850.393093824,850.393093824
randmat,ES,32,840.752877951,840.752877951
randmat,ES,32,815.852434874,815.852434874
randmat,ES,32,829.374011993,829.374011993
randmat,ES,32,835.843794823,835.843794823
randmat,ES,32,820.758074999,820.758074999
randmat,ES,32,841.406404018,841.406404018
randmat,ES,32,833.081207991,833.081207991
randmat,ES,32,862.365919113,862.365919113
randmat,ES,32,835.800661087,835.800661087
randmat,ES,32,845.748998165,845.748998165
randmat,ES,32,842.610224962,842.610224962
randmat,ES,32,844.686542034,844.686542034
randmat,ES,32,810.645117998,810.645117998
randmat,ES,32,820.077796936,820.077796936
randmat,ES,32,863.73385787,863.73385787
randmat,ES,32,811.497400045,811.497400045
randmat,ES,32,814.969635963,814.969635963
thresh,ES,1,2083.40079594,2083.40079594
thresh,ES,1,2113.05452895,2113.05452895
thresh,ES,1,2103.95327187,2103.95327187
thresh,ES,1,2095.70839286,2095.70839286
thresh,ES,1,2064.82943606,2064.82943606
thresh,ES,1,2074.24121594,2074.24121594
thresh,ES,1,2068.59906006,2068.59906006
thresh,ES,1,2084.70203209,2084.70203209
thresh,ES,1,2088.67975187,2088.67975187
thresh,ES,1,2118.47381186,2118.47381186
thresh,ES,1,2094.53861284,2094.53861284
thresh,ES,1,2112.33443809,2112.33443809
thresh,ES,1,2120.38007903,2120.38007903
thresh,ES,1,2115.63844109,2115.63844109
thresh,ES,1,2098.16038394,2098.16038394
thresh,ES,1,2080.39181423,2080.39181423
thresh,ES,1,2119.6208992,2119.6208992
thresh,ES,1,2090.77573705,2090.77573705
thresh,ES,1,2087.41791892,2087.41791892
thresh,ES,1,2080.49278808,2080.49278808
thresh,ES,2,774.129000902,774.129000902
thresh,ES,2,764.570163012,764.570163012
thresh,ES,2,775.172341108,775.172341108
thresh,ES,2,764.776948929,764.776948929
thresh,ES,2,744.005877972,744.005877972
thresh,ES,2,771.694713116,771.694713116
thresh,ES,2,753.177046061,753.177046061
thresh,ES,2,754.418128967,754.418128967
thresh,ES,2,777.040623903,777.040623903
thresh,ES,2,773.08436799,773.08436799
thresh,ES,2,758.545264006,758.545264006
thresh,ES,2,754.486382008,754.486382008
thresh,ES,2,776.799094915,776.799094915
thresh,ES,2,755.835904837,755.835904837
thresh,ES,2,764.106485844,764.106485844
thresh,ES,2,745.162914038,745.162914038
thresh,ES,2,782.938689947,782.938689947
thresh,ES,2,782.751992941,782.751992941
thresh,ES,2,761.788060904,761.788060904
thresh,ES,2,790.01535511,790.01535511
thresh,ES,4,830.731627941,830.731627941
thresh,ES,4,845.692493916,845.692493916
thresh,ES,4,815.276018858,815.276018858
thresh,ES,4,865.183804989,865.183804989
thresh,ES,4,848.302366972,848.302366972
thresh,ES,4,823.97687006,823.97687006
thresh,ES,4,812.326771021,812.326771021
thresh,ES,4,856.411069155,856.411069155
thresh,ES,4,809.370108843,809.370108843
thresh,ES,4,886.499783993,886.499783993
thresh,ES,4,817.896974087,817.896974087
thresh,ES,4,817.663644075,817.663644075
thresh,ES,4,815.850224972,815.850224972
thresh,ES,4,819.423377991,819.423377991
thresh,ES,4,819.712969065,819.712969065
thresh,ES,4,829.051974058,829.051974058
thresh,ES,4,829.686326981,829.686326981
thresh,ES,4,836.739521027,836.739521027
thresh,ES,4,850.839407921,850.839407921
thresh,ES,4,828.959321976,828.959321976
thresh,ES,8,846.703611135,846.703611135
thresh,ES,8,851.955549955,851.955549955
thresh,ES,8,910.692286968,910.692286968
thresh,ES,8,817.996124983,817.996124983
thresh,ES,8,809.982692003,809.982692003
thresh,ES,8,827.952120066,827.952120066
thresh,ES,8,817.49852705,817.49852705
thresh,ES,8,843.484603882,843.484603882
thresh,ES,8,824.695336103,824.695336103
thresh,ES,8,810.00661993,810.00661993
thresh,ES,8,826.223844051,826.223844051
thresh,ES,8,820.985752106,820.985752106
thresh,ES,8,876.798892975,876.798892975
thresh,ES,8,831.292775869,831.292775869
thresh,ES,8,832.29152298,832.29152298
thresh,ES,8,834.454716921,834.454716921
thresh,ES,8,800.712953091,800.712953091
thresh,ES,8,847.998471975,847.998471975
thresh,ES,8,808.233978987,808.233978987
thresh,ES,8,814.683943987,814.683943987
thresh,ES,16,1848.93636918,1848.93636918
thresh,ES,16,1802.374336,1802.374336
thresh,ES,16,1898.04615402,1898.04615402
thresh,ES,16,1807.862046,1807.862046
thresh,ES,16,1846.6416831,1846.6416831
thresh,ES,16,1873.41695595,1873.41695595
thresh,ES,16,1859.79017591,1859.79017591
thresh,ES,16,1858.67776203,1858.67776203
thresh,ES,16,1800.56843185,1800.56843185
thresh,ES,16,1809.902982,1809.902982
thresh,ES,16,1858.37201881,1858.37201881
thresh,ES,16,1783.57983613,1783.57983613
thresh,ES,16,1827.50868511,1827.50868511
thresh,ES,16,1795.94997692,1795.94997692
thresh,ES,16,1860.77978802,1860.77978802
thresh,ES,16,1660.841851,1660.841851
thresh,ES,16,1816.10640407,1816.10640407
thresh,ES,16,1786.60488296,1786.60488296
thresh,ES,16,1883.67691803,1883.67691803
thresh,ES,16,1856.66819,1856.66819
thresh,ES,32,2415.792099,2415.792099
thresh,ES,32,2387.84190798,2387.84190798
thresh,ES,32,2382.02547884,2382.02547884
thresh,ES,32,2429.34995294,2429.34995294
thresh,ES,32,2395.71150804,2395.71150804
thresh,ES,32,2411.68175006,2411.68175006
thresh,ES,32,2358.74820304,2358.74820304
thresh,ES,32,2476.65135503,2476.65135503
thresh,ES,32,2494.17272401,2494.17272401
thresh,ES,32,2410.03218293,2410.03218293
thresh,ES,32,2345.53027606,2345.53027606
thresh,ES,32,2392.57802486,2392.57802486
thresh,ES,32,2421.077847,2421.077847
thresh,ES,32,2339.27476597,2339.27476597
thresh,ES,32,2358.50295115,2358.50295115
thresh,ES,32,2381.47242785,2381.47242785
thresh,ES,32,2467.39478493,2467.39478493
thresh,ES,32,2432.55609989,2432.55609989
thresh,ES,32,2401.064888,2401.064888
thresh,ES,32,2467.33060694,2467.33060694
winnow,ES,1,1568.65264893,1568.65264893
winnow,ES,1,1559.31317401,1559.31317401
winnow,ES,1,1561.70485091,1561.70485091
winnow,ES,1,1554.16187906,1554.16187906
winnow,ES,1,1555.68988919,1555.68988919
winnow,ES,1,1562.813936,1562.813936
winnow,ES,1,1552.33997893,1552.33997893
winnow,ES,1,1569.59520292,1569.59520292
winnow,ES,1,1578.2645359,1578.2645359
winnow,ES,1,1559.21528006,1559.21528006
winnow,ES,1,1553.25557184,1553.25557184
winnow,ES,1,1550.47311902,1550.47311902
winnow,ES,1,1564.0020771,1564.0020771
winnow,ES,1,1558.32346392,1558.32346392
winnow,ES,1,1553.32957602,1553.32957602
winnow,ES,1,1554.98376083,1554.98376083
winnow,ES,1,1554.93469405,1554.93469405
winnow,ES,1,1551.84033918,1551.84033918
winnow,ES,1,1556.64698887,1556.64698887
winnow,ES,1,1560.804914,1560.804914
winnow,ES,2,808.718772888,808.718772888
winnow,ES,2,817.163975,817.163975
winnow,ES,2,839.300499201,839.300499201
winnow,ES,2,809.280934095,809.280934095
winnow,ES,2,790.520308971,790.520308971
winnow,ES,2,795.84710288,795.84710288
winnow,ES,2,829.541244984,829.541244984
winnow,ES,2,822.009325981,822.009325981
winnow,ES,2,836.011795044,836.011795044
winnow,ES,2,829.237138033,829.237138033
winnow,ES,2,837.162381887,837.162381887
winnow,ES,2,838.494684935,838.494684935
winnow,ES,2,779.803150177,779.803150177
winnow,ES,2,833.71132803,833.71132803
winnow,ES,2,836.520945072,836.520945072
winnow,ES,2,833.597626925,833.597626925
winnow,ES,2,815.240274191,815.240274191
winnow,ES,2,842.809536934,842.809536934
winnow,ES,2,830.666917086,830.666917086
winnow,ES,2,830.527740002,830.527740002
winnow,ES,4,410.081515074,410.081515074
winnow,ES,4,413.813923836,413.813923836
winnow,ES,4,401.955685139,401.955685139
winnow,ES,4,410.448813915,410.448813915
winnow,ES,4,416.608855009,416.608855009
winnow,ES,4,404.283915997,404.283915997
winnow,ES,4,422.511694193,422.511694193
winnow,ES,4,411.95005703,411.95005703
winnow,ES,4,400.963562012,400.963562012
winnow,ES,4,417.76335001,417.76335001
winnow,ES,4,406.816832066,406.816832066
winnow,ES,4,411.374507904,411.374507904
winnow,ES,4,409.030321836,409.030321836
winnow,ES,4,412.886121035,412.886121035
winnow,ES,4,421.193776846,421.193776846
winnow,ES,4,407.135893106,407.135893106
winnow,ES,4,417.290493965,417.290493965
winnow,ES,4,413.377346039,413.377346039
winnow,ES,4,413.566641092,413.566641092
winnow,ES,4,410.948251963,410.948251963
winnow,ES,8,412.010774136,412.010774136
winnow,ES,8,423.836376905,423.836376905
winnow,ES,8,412.623679876,412.623679876
winnow,ES,8,421.188756943,421.188756943
winnow,ES,8,416.971197128,416.971197128
winnow,ES,8,402.379713058,402.379713058
winnow,ES,8,411.516434908,411.516434908
winnow,ES,8,391.0825212,391.0825212
winnow,ES,8,422.606404066,422.606404066
winnow,ES,8,421.750385046,421.750385046
winnow,ES,8,414.747022867,414.747022867
winnow,ES,8,401.49479413,401.49479413
winnow,ES,8,420.699769974,420.699769974
winnow,ES,8,416.871112108,416.871112108
winnow,ES,8,407.627389908,407.627389908
winnow,ES,8,415.226118088,415.226118088
winnow,ES,8,423.660703897,423.660703897
winnow,ES,8,432.529284,432.529284
winnow,ES,8,425.993123055,425.993123055
winnow,ES,8,416.180373907,416.180373907
winnow,ES,16,948.078189135,948.078189135
winnow,ES,16,936.877962828,936.877962828
winnow,ES,16,901.632359982,901.632359982
winnow,ES,16,900.266360998,900.266360998
winnow,ES,16,874.230766058,874.230766058
winnow,ES,16,906.308033943,906.308033943
winnow,ES,16,899.782950878,899.782950878
winnow,ES,16,979.599004984,979.599004984
winnow,ES,16,919.304657936,919.304657936
winnow,ES,16,923.761799812,923.761799812
winnow,ES,16,883.588269949,883.588269949
winnow,ES,16,986.428988934,986.428988934
winnow,ES,16,953.786987066,953.786987066
winnow,ES,16,944.165938139,944.165938139
winnow,ES,16,915.202066898,915.202066898
winnow,ES,16,845.66427207,845.66427207
winnow,ES,16,947.617540836,947.617540836
winnow,ES,16,903.742676973,903.742676973
winnow,ES,16,952.641331911,952.641331911
winnow,ES,16,910.671648026,910.671648026
winnow,ES,32,1364.20181918,1364.20181918
winnow,ES,32,1448.59774208,1448.59774208
winnow,ES,32,1345.24069285,1345.24069285
winnow,ES,32,1404.355232,1404.355232
winnow,ES,32,1385.13923311,1385.13923311
winnow,ES,32,1324.63330412,1324.63330412
winnow,ES,32,1362.63047981,1362.63047981
winnow,ES,32,1399.44833612,1399.44833612
winnow,ES,32,1427.41826296,1427.41826296
winnow,ES,32,1419.48262787,1419.48262787
winnow,ES,32,1439.18147206,1439.18147206
winnow,ES,32,1409.9715519,1409.9715519
winnow,ES,32,1381.84460902,1381.84460902
winnow,ES,32,1374.78063583,1374.78063583
winnow,ES,32,1424.71745086,1424.71745086
winnow,ES,32,1373.02489996,1373.02489996
winnow,ES,32,1432.21806693,1432.21806693
winnow,ES,32,1407.93124604,1407.93124604
winnow,ES,32,1354.68855596,1354.68855596
winnow,ES,32,1331.84709811,1331.84709811
outer,ES,1,1426.69793916,1426.69793916
outer,ES,1,1429.93133307,1429.93133307
outer,ES,1,1427.89853001,1427.89853001
outer,ES,1,1425.53081107,1425.53081107
outer,ES,1,1420.0043571,1420.0043571
outer,ES,1,1423.12514901,1423.12514901
outer,ES,1,1421.46907997,1421.46907997
outer,ES,1,1413.86763787,1413.86763787
outer,ES,1,1414.74272299,1414.74272299
outer,ES,1,1434.16516304,1434.16516304
outer,ES,1,1411.61550784,1411.61550784
outer,ES,1,1422.107728,1422.107728
outer,ES,1,1429.15152407,1429.15152407
outer,ES,1,1425.420439,1425.420439
outer,ES,1,1424.22580719,1424.22580719
outer,ES,1,1436.88380599,1436.88380599
outer,ES,1,1428.15410805,1428.15410805
outer,ES,1,1425.66612506,1425.66612506
outer,ES,1,1414.31951022,1414.31951022
outer,ES,1,1422.40778208,1422.40778208
outer,ES,2,230.401530027,230.401530027
outer,ES,2,265.637475014,265.637475014
outer,ES,2,218.268774033,218.268774033
outer,ES,2,222.823044062,222.823044062
outer,ES,2,223.969523907,223.969523907
outer,ES,2,218.789368153,218.789368153
outer,ES,2,233.784319878,233.784319878
outer,ES,2,272.372164965,272.372164965
outer,ES,2,228.463487148,228.463487148
outer,ES,2,238.02394104,238.02394104
outer,ES,2,238.401096821,238.401096821
outer,ES,2,223.995623112,223.995623112
outer,ES,2,228.641551018,228.641551018
outer,ES,2,220.376827002,220.376827002
outer,ES,2,221.955127954,221.955127954
outer,ES,2,224.193553925,224.193553925
outer,ES,2,270.368571997,270.368571997
outer,ES,2,230.347685814,230.347685814
outer,ES,2,237.154430151,237.154430151
outer,ES,2,232.662584066,232.662584066
outer,ES,4,230.017935038,230.017935038
outer,ES,4,228.999130964,228.999130964
outer,ES,4,236.485323906,236.485323906
outer,ES,4,244.825376034,244.825376034
outer,ES,4,233.332916975,233.332916975
outer,ES,4,239.353809118,239.353809118
outer,ES,4,224.088028193,224.088028193
outer,ES,4,236.511670828,236.511670828
outer,ES,4,232.413559914,232.413559914
outer,ES,4,226.218050003,226.218050003
outer,ES,4,253.129523993,253.129523993
outer,ES,4,243.651510954,243.651510954
outer,ES,4,221.043972969,221.043972969
outer,ES,4,224.831357956,224.831357956
outer,ES,4,249.362092018,249.362092018
outer,ES,4,231.841001987,231.841001987
outer,ES,4,224.131169081,224.131169081
outer,ES,4,228.724635839,228.724635839
outer,ES,4,242.07952714,242.07952714
outer,ES,4,227.172491789,227.172491789
outer,ES,8,226.507658958,226.507658958
outer,ES,8,221.841547966,221.841547966
outer,ES,8,243.880380154,243.880380154
outer,ES,8,239.321076155,239.321076155
outer,ES,8,237.485215187,237.485215187
outer,ES,8,235.644638777,235.644638777
outer,ES,8,229.660845041,229.660845041
outer,ES,8,244.971364021,244.971364021
outer,ES,8,229.120301962,229.120301962
outer,ES,8,239.072437048,239.072437048
outer,ES,8,233.354762077,233.354762077
outer,ES,8,235.403976917,235.403976917
outer,ES,8,235.167102814,235.167102814
outer,ES,8,231.698150873,231.698150873
outer,ES,8,234.440346003,234.440346003
outer,ES,8,235.211844206,235.211844206
outer,ES,8,237.451483011,237.451483011
outer,ES,8,229.148250103,229.148250103
outer,ES,8,233.061326981,233.061326981
outer,ES,8,297.631345987,297.631345987
outer,ES,16,727.521321058,727.521321058
outer,ES,16,826.510720015,826.510720015
outer,ES,16,759.559895992,759.559895992
outer,ES,16,798.518949032,798.518949032
outer,ES,16,649.867861032,649.867861032
outer,ES,16,637.894434929,637.894434929
outer,ES,16,759.028331995,759.028331995
outer,ES,16,644.324356079,644.324356079
outer,ES,16,851.820327044,851.820327044
outer,ES,16,728.74324584,728.74324584
outer,ES,16,729.579506874,729.579506874
outer,ES,16,809.808734894,809.808734894
outer,ES,16,750.351320028,750.351320028
outer,ES,16,731.572628975,731.572628975
outer,ES,16,728.596696854,728.596696854
outer,ES,16,736.65963316,736.65963316
outer,ES,16,709.422527075,709.422527075
outer,ES,16,756.787938118,756.787938118
outer,ES,16,777.16918087,777.16918087
outer,ES,16,816.742386103,816.742386103
outer,ES,32,869.777497053,869.777497053
outer,ES,32,946.848899126,946.848899126
outer,ES,32,960.121614933,960.121614933
outer,ES,32,942.558871031,942.558871031
outer,ES,32,905.042350054,905.042350054
outer,ES,32,852.525881052,852.525881052
outer,ES,32,843.775388956,843.775388956
outer,ES,32,863.183971167,863.183971167
outer,ES,32,937.814743996,937.814743996
outer,ES,32,903.907930136,903.907930136
outer,ES,32,830.463606119,830.463606119
outer,ES,32,867.366964102,867.366964102
outer,ES,32,873.511004925,873.511004925
outer,ES,32,923.827133894,923.827133894
outer,ES,32,851.686080933,851.686080933
outer,ES,32,831.9289639,831.9289639
outer,ES,32,770.443822145,770.443822145
outer,ES,32,838.970903873,838.970903873
outer,ES,32,819.742989779,819.742989779
outer,ES,32,794.449883938,794.449883938
product,ES,1,1153.01985908,1153.01985908
product,ES,1,1139.88784313,1139.88784313
product,ES,1,1150.00901389,1150.00901389
product,ES,1,1137.93229198,1137.93229198
product,ES,1,1163.64315701,1163.64315701
product,ES,1,1154.22781706,1154.22781706
product,ES,1,1157.40493298,1157.40493298
product,ES,1,1152.22565484,1152.22565484
product,ES,1,1155.4783721,1155.4783721
product,ES,1,1156.59964013,1156.59964013
product,ES,1,1136.04021192,1136.04021192
product,ES,1,1148.13005495,1148.13005495
product,ES,1,1146.54973817,1146.54973817
product,ES,1,1132.17093205,1132.17093205
product,ES,1,1136.606426,1136.606426
product,ES,1,1147.76425481,1147.76425481
product,ES,1,1148.62853503,1148.62853503
product,ES,1,1142.1812489,1142.1812489
product,ES,1,1137.28844404,1137.28844404
product,ES,1,1148.18106318,1148.18106318
product,ES,2,685.815001011,685.815001011
product,ES,2,564.470093966,564.470093966
product,ES,2,684.084690094,684.084690094
product,ES,2,695.001018047,695.001018047
product,ES,2,694.714751005,694.714751005
product,ES,2,696.526726961,696.526726961
product,ES,2,659.592298985,659.592298985
product,ES,2,700.23961091,700.23961091
product,ES,2,697.185865879,697.185865879
product,ES,2,689.842862129,689.842862129
product,ES,2,701.845930815,701.845930815
product,ES,2,698.860198975,698.860198975
product,ES,2,690.758263111,690.758263111
product,ES,2,694.830723047,694.830723047
product,ES,2,696.15872097,696.15872097
product,ES,2,687.916689873,687.916689873
product,ES,2,703.622013092,703.622013092
product,ES,2,694.871020794,694.871020794
product,ES,2,706.130101919,706.130101919
product,ES,2,693.678066015,693.678066015
product,ES,4,299.820644855,299.820644855
product,ES,4,301.052289963,301.052289963
product,ES,4,302.425684929,302.425684929
product,ES,4,303.443819046,303.443819046
product,ES,4,308.347707033,308.347707033
product,ES,4,312.225996017,312.225996017
product,ES,4,306.407191992,306.407191992
product,ES,4,316.534137011,316.534137011
product,ES,4,309.10867691,309.10867691
product,ES,4,289.899620056,289.899620056
product,ES,4,307.632958889,307.632958889
product,ES,4,289.135187864,289.135187864
product,ES,4,320.931200981,320.931200981
product,ES,4,304.117233992,304.117233992
product,ES,4,312.610631943,312.610631943
product,ES,4,314.256501198,314.256501198
product,ES,4,298.353229046,298.353229046
product,ES,4,313.126883984,313.126883984
product,ES,4,344.432454824,344.432454824
product,ES,4,323.19248414,323.19248414
product,ES,8,330.39466691,330.39466691
product,ES,8,297.830661058,297.830661058
product,ES,8,309.251734018,309.251734018
product,ES,8,297.73073411,297.73073411
product,ES,8,306.037565947,306.037565947
product,ES,8,305.993076801,305.993076801
product,ES,8,308.240287066,308.240287066
product,ES,8,314.350479841,314.350479841
product,ES,8,309.771866083,309.771866083
product,ES,8,313.252303123,313.252303123
product,ES,8,304.567243814,304.567243814
product,ES,8,321.696949959,321.696949959
product,ES,8,305.441365004,305.441365004
product,ES,8,301.898633003,301.898633003
product,ES,8,297.865900993,297.865900993
product,ES,8,307.941931963,307.941931963
product,ES,8,329.212600946,329.212600946
product,ES,8,303.826909065,303.826909065
product,ES,8,301.95172596,301.95172596
product,ES,8,292.716892958,292.716892958
product,ES,16,494.047305822,494.047305822
product,ES,16,512.124841928,512.124841928
product,ES,16,555.431445122,555.431445122
product,ES,16,416.914567947,416.914567947
product,ES,16,446.670755148,446.670755148
product,ES,16,502.591714144,502.591714144
product,ES,16,494.930803061,494.930803061
product,ES,16,451.988620043,451.988620043
product,ES,16,452.166657925,452.166657925
product,ES,16,486.31319499,486.31319499
product,ES,16,427.769716978,427.769716978
product,ES,16,446.656388044,446.656388044
product,ES,16,442.964517117,442.964517117
product,ES,16,440.755519152,440.755519152
product,ES,16,483.229391098,483.229391098
product,ES,16,465.43482399,465.43482399
product,ES,16,411.891781092,411.891781092
product,ES,16,454.236139059,454.236139059
product,ES,16,455.798506975,455.798506975
product,ES,16,475.612434149,475.612434149
product,ES,32,803.439130068,803.439130068
product,ES,32,783.572730064,783.572730064
product,ES,32,789.997334003,789.997334003
product,ES,32,752.359181881,752.359181881
product,ES,32,773.875308037,773.875308037
product,ES,32,785.337400198,785.337400198
product,ES,32,790.106935978,790.106935978
product,ES,32,717.229052067,717.229052067
product,ES,32,802.382806063,802.382806063
product,ES,32,778.48120904,778.48120904
product,ES,32,711.649241924,711.649241924
product,ES,32,756.348819971,756.348819971
product,ES,32,739.449890852,739.449890852
product,ES,32,741.002395868,741.002395868
product,ES,32,739.95153904,739.95153904
product,ES,32,781.687660933,781.687660933
product,ES,32,774.689815044,774.689815044
product,ES,32,775.615845919,775.615845919
product,ES,32,780.713135004,780.713135004
product,ES,32,780.720261812,780.720261812
chain,ES,32,170.412498951,170.412498951
chain,ES,32,156.76342392,156.76342392
chain,ES,32,157.280715942,157.280715942
chain,ES,32,179.045029879,179.045029879
chain,ES,32,164.052776098,164.052776098
chain,ES,32,167.035061836,167.035061836
chain,ES,32,165.481320143,165.481320143
chain,ES,32,164.748137951,164.748137951
chain,ES,32,175.654257059,175.654257059
chain,ES,32,164.737149954,164.737149954
chain,ES,32,171.947171926,171.947171926
chain,ES,32,173.746271133,173.746271133
chain,ES,32,172.602328062,172.602328062
chain,ES,32,165.826509953,165.826509953
chain,ES,32,161.253841877,161.253841877
chain,ES,32,176.722517014,176.722517014
chain,ES,32,164.517838001,164.517838001
chain,ES,32,174.636924028,174.636924028
chain,ES,32,165.849689007,165.849689007
chain,ES,32,163.526916981,163.526916981
chain,ES,16,132.233892918,132.233892918
chain,ES,16,152.065016985,152.065016985
chain,ES,16,135.76688385,135.76688385
chain,ES,16,127.820955992,127.820955992
chain,ES,16,140.908246994,140.908246994
chain,ES,16,131.80713892,131.80713892
chain,ES,16,138.470986843,138.470986843
chain,ES,16,135.53887105,135.53887105
chain,ES,16,124.950402021,124.950402021
chain,ES,16,130.41205287,130.41205287
chain,ES,16,133.865147829,133.865147829
chain,ES,16,143.809692144,143.809692144
chain,ES,16,152.288902044,152.288902044
chain,ES,16,151.463150024,151.463150024
chain,ES,16,143.060729027,143.060729027
chain,ES,16,147.337095022,147.337095022
chain,ES,16,135.294798851,135.294798851
chain,ES,16,138.578016043,138.578016043
chain,ES,16,127.440585136,127.440585136
chain,ES,16,126.639916897,126.639916897
chain,ES,8,77.7883188725,77.7883188725
chain,ES,8,72.4310660362,72.4310660362
chain,ES,8,75.6564860344,75.6564860344
chain,ES,8,77.4585771561,77.4585771561
chain,ES,8,74.5758399963,74.5758399963
chain,ES,8,94.8350811005,94.8350811005
chain,ES,8,75.7174110413,75.7174110413
chain,ES,8,73.4107680321,73.4107680321
chain,ES,8,78.146171093,78.146171093
chain,ES,8,77.3704800606,77.3704800606
chain,ES,8,73.2873589993,73.2873589993
chain,ES,8,74.0198848248,74.0198848248
chain,ES,8,74.7738878727,74.7738878727
chain,ES,8,76.4577050209,76.4577050209
chain,ES,8,76.5070290565,76.5070290565
chain,ES,8,74.3423130512,74.3423130512
chain,ES,8,76.8757479191,76.8757479191
chain,ES,8,74.9524760246,74.9524760246
chain,ES,8,75.0916221142,75.0916221142
chain,ES,8,75.7291321754,75.7291321754
chain,ES,4,80.5426449776,80.5426449776
chain,ES,4,81.1127049923,81.1127049923
chain,ES,4,79.5592792034,79.5592792034
chain,ES,4,79.0207800865,79.0207800865
chain,ES,4,78.3568079472,78.3568079472
chain,ES,4,83.3898539543,83.3898539543
chain,ES,4,81.8110859394,81.8110859394
chain,ES,4,79.8598101139,79.8598101139
chain,ES,4,79.0613610744,79.0613610744
chain,ES,4,80.9208610058,80.9208610058
chain,ES,4,82.8481521606,82.8481521606
chain,ES,4,80.007953167,80.007953167
chain,ES,4,79.5907640457,79.5907640457
chain,ES,4,80.7247390747,80.7247390747
chain,ES,4,79.1260740757,79.1260740757
chain,ES,4,79.6716251373,79.6716251373
chain,ES,4,82.731030941,82.731030941
chain,ES,4,79.7608919144,79.7608919144
chain,ES,4,82.8170368671,82.8170368671
chain,ES,4,82.9424898624,82.9424898624
chain,ES,2,2314.17547798,2314.17547798
chain,ES,2,2084.78914309,2084.78914309
chain,ES,2,1442.61846399,1442.61846399
chain,ES,2,1213.61853099,1213.61853099
chain,ES,2,3423.46131182,3423.46131182
chain,ES,2,2092.32471895,2092.32471895
chain,ES,2,2881.12898397,2881.12898397
chain,ES,2,2146.42688799,2146.42688799
chain,ES,2,2058.97954297,2058.97954297
chain,ES,2,1853.93016696,1853.93016696
chain,ES,2,1524.4956851,1524.4956851
chain,ES,2,1450.08150196,1450.08150196
chain,ES,2,1074.94064403,1074.94064403
chain,ES,2,2412.06340289,2412.06340289
chain,ES,2,1243.6630311,1243.6630311
chain,ES,2,2679.02657294,2679.02657294
chain,ES,2,3116.99511814,3116.99511814
chain,ES,2,2127.46164703,2127.46164703
chain,ES,2,1808.27582717,1808.27582717
chain,ES,2,2273.55127192,2273.55127192
chain,ES,1,2314.17547798,2314.17547798
chain,ES,1,2084.78914309,2084.78914309
chain,ES,1,1442.61846399,1442.61846399
chain,ES,1,1213.61853099,1213.61853099
chain,ES,1,3423.46131182,3423.46131182
chain,ES,1,2092.32471895,2092.32471895
chain,ES,1,2881.12898397,2881.12898397
chain,ES,1,2146.42688799,2146.42688799
chain,ES,1,2058.97954297,2058.97954297
chain,ES,1,1853.93016696,1853.93016696
chain,ES,1,1524.4956851,1524.4956851
chain,ES,1,1450.08150196,1450.08150196
chain,ES,1,1074.94064403,1074.94064403
chain,ES,1,2412.06340289,2412.06340289
chain,ES,1,1243.6630311,1243.6630311
chain,ES,1,2679.02657294,2679.02657294
chain,ES,1,3116.99511814,3116.99511814
chain,ES,1,2127.46164703,2127.46164703
chain,ES,1,1808.27582717,1808.27582717
chain,ES,1,2273.55127192,2273.55127192
randmat,EVE/Qs,32,10.8086371422,10.8086371422
randmat,EVE/Qs,32,10.8073620796,10.8073620796
randmat,EVE/Qs,32,10.8442409039,10.8442409039
randmat,EVE/Qs,32,10.837761879,10.837761879
randmat,EVE/Qs,32,10.8324091434,10.8324091434
randmat,EVE/Qs,32,10.7985491753,10.7985491753
randmat,EVE/Qs,32,10.8704731464,10.8704731464
randmat,EVE/Qs,32,10.9551100731,10.9551100731
randmat,EVE/Qs,32,10.867429018,10.867429018
randmat,EVE/Qs,32,10.8273260593,10.8273260593
randmat,EVE/Qs,32,10.9414551258,10.9414551258
randmat,EVE/Qs,32,10.9008262157,10.9008262157
randmat,EVE/Qs,32,10.8401501179,10.8401501179
randmat,EVE/Qs,32,10.8614768982,10.8614768982
randmat,EVE/Qs,32,10.8078219891,10.8078219891
randmat,EVE/Qs,32,11.5901179314,11.5901179314
randmat,EVE/Qs,32,10.9655139446,10.9655139446
randmat,EVE/Qs,32,10.8027420044,10.8027420044
randmat,EVE/Qs,32,10.8010380268,10.8010380268
randmat,EVE/Qs,32,10.8626859188,10.8626859188
randmat,EVE/Qs,16,11.0925569534,11.0925569534
randmat,EVE/Qs,16,10.8325541019,10.8325541019
randmat,EVE/Qs,16,10.7863299847,10.7863299847
randmat,EVE/Qs,16,10.9690232277,10.9690232277
randmat,EVE/Qs,16,10.7912559509,10.7912559509
randmat,EVE/Qs,16,10.8732049465,10.8732049465
randmat,EVE/Qs,16,10.9262309074,10.9262309074
randmat,EVE/Qs,16,10.8785300255,10.8785300255
randmat,EVE/Qs,16,10.7639870644,10.7639870644
randmat,EVE/Qs,16,11.0031788349,11.0031788349
randmat,EVE/Qs,16,10.8079681396,10.8079681396
randmat,EVE/Qs,16,10.7549598217,10.7549598217
randmat,EVE/Qs,16,10.9072110653,10.9072110653
randmat,EVE/Qs,16,10.8769791126,10.8769791126
randmat,EVE/Qs,16,11.03738904,11.03738904
randmat,EVE/Qs,16,10.8033838272,10.8033838272
randmat,EVE/Qs,16,10.9901371002,10.9901371002
randmat,EVE/Qs,16,10.8394949436,10.8394949436
randmat,EVE/Qs,16,10.7567567825,10.7567567825
randmat,EVE/Qs,16,10.9397790432,10.9397790432
randmat,EVE/Qs,8,11.0532109737,11.0532109737
randmat,EVE/Qs,8,10.6983840466,10.6983840466
randmat,EVE/Qs,8,10.7862508297,10.7862508297
randmat,EVE/Qs,8,10.7340188026,10.7340188026
randmat,EVE/Qs,8,10.7250099182,10.7250099182
randmat,EVE/Qs,8,10.6461958885,10.6461958885
randmat,EVE/Qs,8,10.4778048992,10.4778048992
randmat,EVE/Qs,8,10.8929171562,10.8929171562
randmat,EVE/Qs,8,10.9136419296,10.9136419296
randmat,EVE/Qs,8,10.8118228912,10.8118228912
randmat,EVE/Qs,8,10.9511179924,10.9511179924
randmat,EVE/Qs,8,10.6589388847,10.6589388847
randmat,EVE/Qs,8,11.6375939846,11.6375939846
randmat,EVE/Qs,8,10.6585221291,10.6585221291
randmat,EVE/Qs,8,10.846560955,10.846560955
randmat,EVE/Qs,8,10.7572979927,10.7572979927
randmat,EVE/Qs,8,10.7836930752,10.7836930752
randmat,EVE/Qs,8,10.7140789032,10.7140789032
randmat,EVE/Qs,8,10.7204070091,10.7204070091
randmat,EVE/Qs,8,10.8547530174,10.8547530174
randmat,EVE/Qs,4,10.8058209419,10.8058209419
randmat,EVE/Qs,4,10.8701360226,10.8701360226
randmat,EVE/Qs,4,10.7591440678,10.7591440678
randmat,EVE/Qs,4,11.3949799538,11.3949799538
randmat,EVE/Qs,4,10.7785379887,10.7785379887
randmat,EVE/Qs,4,10.7342689037,10.7342689037
randmat,EVE/Qs,4,10.9593229294,10.9593229294
randmat,EVE/Qs,4,10.7557229996,10.7557229996
randmat,EVE/Qs,4,10.7747809887,10.7747809887
randmat,EVE/Qs,4,10.6992638111,10.6992638111
randmat,EVE/Qs,4,10.8220989704,10.8220989704
randmat,EVE/Qs,4,10.5832738876,10.5832738876
randmat,EVE/Qs,4,11.1773831844,11.1773831844
randmat,EVE/Qs,4,10.5645060539,10.5645060539
randmat,EVE/Qs,4,10.6139719486,10.6139719486
randmat,EVE/Qs,4,10.7041471004,10.7041471004
randmat,EVE/Qs,4,10.9499092102,10.9499092102
randmat,EVE/Qs,4,10.7779941559,10.7779941559
randmat,EVE/Qs,4,10.8193662167,10.8193662167
randmat,EVE/Qs,4,11.0343570709,11.0343570709
randmat,EVE/Qs,2,10.6011497974,10.6011497974
randmat,EVE/Qs,2,10.6476838589,10.6476838589
randmat,EVE/Qs,2,10.3009128571,10.3009128571
randmat,EVE/Qs,2,10.879817009,10.879817009
randmat,EVE/Qs,2,10.3894460201,10.3894460201
randmat,EVE/Qs,2,10.7704548836,10.7704548836
randmat,EVE/Qs,2,10.2877221107,10.2877221107
randmat,EVE/Qs,2,10.4510319233,10.4510319233
randmat,EVE/Qs,2,10.3890891075,10.3890891075
randmat,EVE/Qs,2,10.5632190704,10.5632190704
randmat,EVE/Qs,2,10.2747519016,10.2747519016
randmat,EVE/Qs,2,10.2612409592,10.2612409592
randmat,EVE/Qs,2,10.2942261696,10.2942261696
randmat,EVE/Qs,2,10.4510271549,10.4510271549
randmat,EVE/Qs,2,10.4397368431,10.4397368431
randmat,EVE/Qs,2,10.5929589272,10.5929589272
randmat,EVE/Qs,2,10.6294398308,10.6294398308
randmat,EVE/Qs,2,10.6749808788,10.6749808788
randmat,EVE/Qs,2,10.2816050053,10.2816050053
randmat,EVE/Qs,2,10.6736860275,10.6736860275
randmat,EVE/Qs,1,10.6056671143,10.6056671143
randmat,EVE/Qs,1,10.9857699871,10.9857699871
randmat,EVE/Qs,1,10.8776710033,10.8776710033
randmat,EVE/Qs,1,10.4563541412,10.4563541412
randmat,EVE/Qs,1,10.6021239758,10.6021239758
randmat,EVE/Qs,1,10.7282030582,10.7282030582
randmat,EVE/Qs,1,10.8389489651,10.8389489651
randmat,EVE/Qs,1,10.5878641605,10.5878641605
randmat,EVE/Qs,1,10.6828641891,10.6828641891
randmat,EVE/Qs,1,10.3896651268,10.3896651268
randmat,EVE/Qs,1,10.5725409985,10.5725409985
randmat,EVE/Qs,1,10.5368177891,10.5368177891
randmat,EVE/Qs,1,10.6195378304,10.6195378304
randmat,EVE/Qs,1,10.4695470333,10.4695470333
randmat,EVE/Qs,1,10.553524971,10.553524971
randmat,EVE/Qs,1,10.8606760502,10.8606760502
randmat,EVE/Qs,1,10.4163620472,10.4163620472
randmat,EVE/Qs,1,10.7137329578,10.7137329578
randmat,EVE/Qs,1,10.6569440365,10.6569440365
randmat,EVE/Qs,1,10.4424312115,10.4424312115
thresh,EVE/Qs,32,30.2951939106,30.2951939106
thresh,EVE/Qs,32,29.9334340096,29.9334340096
thresh,EVE/Qs,32,30.2439711094,30.2439711094
thresh,EVE/Qs,32,30.6049289703,30.6049289703
thresh,EVE/Qs,32,30.2860729694,30.2860729694
thresh,EVE/Qs,32,30.4222841263,30.4222841263
thresh,EVE/Qs,32,30.0616049767,30.0616049767
thresh,EVE/Qs,32,30.14772892,30.14772892
thresh,EVE/Qs,32,30.350933075,30.350933075
thresh,EVE/Qs,32,30.0321769714,30.0321769714
thresh,EVE/Qs,32,30.6369960308,30.6369960308
thresh,EVE/Qs,32,30.0916371346,30.0916371346
thresh,EVE/Qs,32,30.0559790134,30.0559790134
thresh,EVE/Qs,32,30.0428011417,30.0428011417
thresh,EVE/Qs,32,30.1768109798,30.1768109798
thresh,EVE/Qs,32,30.2885289192,30.2885289192
thresh,EVE/Qs,32,30.0812609196,30.0812609196
thresh,EVE/Qs,32,30.0417661667,30.0417661667
thresh,EVE/Qs,32,30.0676281452,30.0676281452
thresh,EVE/Qs,32,30.1064319611,30.1064319611
thresh,EVE/Qs,16,29.7553651333,29.7553651333
thresh,EVE/Qs,16,29.8202629089,29.8202629089
thresh,EVE/Qs,16,29.9306237698,29.9306237698
thresh,EVE/Qs,16,29.9753448963,29.9753448963
thresh,EVE/Qs,16,29.9414429665,29.9414429665
thresh,EVE/Qs,16,29.8582930565,29.8582930565
thresh,EVE/Qs,16,29.8282670975,29.8282670975
thresh,EVE/Qs,16,29.7935500145,29.7935500145
thresh,EVE/Qs,16,30.2195549011,30.2195549011
thresh,EVE/Qs,16,29.96164608,29.96164608
thresh,EVE/Qs,16,30.6865069866,30.6865069866
thresh,EVE/Qs,16,29.9558670521,29.9558670521
thresh,EVE/Qs,16,30.3313848972,30.3313848972
thresh,EVE/Qs,16,29.7975959778,29.7975959778
thresh,EVE/Qs,16,29.9638409615,29.9638409615
thresh,EVE/Qs,16,30.0461091995,30.0461091995
thresh,EVE/Qs,16,29.9053678513,29.9053678513
thresh,EVE/Qs,16,30.037967205,30.037967205
thresh,EVE/Qs,16,30.179473877,30.179473877
thresh,EVE/Qs,16,30.0166261196,30.0166261196
thresh,EVE/Qs,8,29.7326538563,29.7326538563
thresh,EVE/Qs,8,29.6373069286,29.6373069286
thresh,EVE/Qs,8,29.9235479832,29.9235479832
thresh,EVE/Qs,8,29.5981931686,29.5981931686
thresh,EVE/Qs,8,29.704941988,29.704941988
thresh,EVE/Qs,8,29.9961900711,29.9961900711
thresh,EVE/Qs,8,29.6942620277,29.6942620277
thresh,EVE/Qs,8,29.7520098686,29.7520098686
thresh,EVE/Qs,8,29.7532658577,29.7532658577
thresh,EVE/Qs,8,29.4756948948,29.4756948948
thresh,EVE/Qs,8,29.6307442188,29.6307442188
thresh,EVE/Qs,8,30.0606639385,30.0606639385
thresh,EVE/Qs,8,29.6764240265,29.6764240265
thresh,EVE/Qs,8,30.0931971073,30.0931971073
thresh,EVE/Qs,8,29.5323081017,29.5323081017
thresh,EVE/Qs,8,29.8454208374,29.8454208374
thresh,EVE/Qs,8,29.6514270306,29.6514270306
thresh,EVE/Qs,8,29.9962208271,29.9962208271
thresh,EVE/Qs,8,29.7754981518,29.7754981518
thresh,EVE/Qs,8,29.4321420193,29.4321420193
thresh,EVE/Qs,4,29.6236131191,29.6236131191
thresh,EVE/Qs,4,29.5342421532,29.5342421532
thresh,EVE/Qs,4,29.9530110359,29.9530110359
thresh,EVE/Qs,4,30.1093049049,30.1093049049
thresh,EVE/Qs,4,29.8957459927,29.8957459927
thresh,EVE/Qs,4,29.5096788406,29.5096788406
thresh,EVE/Qs,4,29.6563911438,29.6563911438
thresh,EVE/Qs,4,29.5888659954,29.5888659954
thresh,EVE/Qs,4,29.7454981804,29.7454981804
thresh,EVE/Qs,4,29.6305921078,29.6305921078
thresh,EVE/Qs,4,29.6971189976,29.6971189976
thresh,EVE/Qs,4,29.4937188625,29.4937188625
thresh,EVE/Qs,4,29.7541019917,29.7541019917
thresh,EVE/Qs,4,30.0398700237,30.0398700237
thresh,EVE/Qs,4,29.9418170452,29.9418170452
thresh,EVE/Qs,4,30.3145360947,30.3145360947
thresh,EVE/Qs,4,29.7065560818,29.7065560818
thresh,EVE/Qs,4,30.4946768284,30.4946768284
thresh,EVE/Qs,4,29.5517411232,29.5517411232
thresh,EVE/Qs,4,29.7700250149,29.7700250149
thresh,EVE/Qs,2,30.4020688534,30.4020688534
thresh,EVE/Qs,2,29.7638571262,29.7638571262
thresh,EVE/Qs,2,29.9190249443,29.9190249443
thresh,EVE/Qs,2,30.7167000771,30.7167000771
thresh,EVE/Qs,2,29.9198720455,29.9198720455
thresh,EVE/Qs,2,30.2555980682,30.2555980682
thresh,EVE/Qs,2,30.0313580036,30.0313580036
thresh,EVE/Qs,2,29.8888859749,29.8888859749
thresh,EVE/Qs,2,29.9229950905,29.9229950905
thresh,EVE/Qs,2,29.9123139381,29.9123139381
thresh,EVE/Qs,2,29.8199748993,29.8199748993
thresh,EVE/Qs,2,29.6296999454,29.6296999454
thresh,EVE/Qs,2,29.9370038509,29.9370038509
thresh,EVE/Qs,2,29.9537301064,29.9537301064
thresh,EVE/Qs,2,29.9753098488,29.9753098488
thresh,EVE/Qs,2,29.6974711418,29.6974711418
thresh,EVE/Qs,2,29.8835840225,29.8835840225
thresh,EVE/Qs,2,30.5774579048,30.5774579048
thresh,EVE/Qs,2,30.2112209797,30.2112209797
thresh,EVE/Qs,2,30.1041049957,30.1041049957
thresh,EVE/Qs,1,31.4044520855,31.4044520855
thresh,EVE/Qs,1,30.6805210114,30.6805210114
thresh,EVE/Qs,1,31.4227969646,31.4227969646
thresh,EVE/Qs,1,30.5512080193,30.5512080193
thresh,EVE/Qs,1,30.7796881199,30.7796881199
thresh,EVE/Qs,1,30.5876219273,30.5876219273
thresh,EVE/Qs,1,30.5382099152,30.5382099152
thresh,EVE/Qs,1,30.4655678272,30.4655678272
thresh,EVE/Qs,1,30.5654499531,30.5654499531
thresh,EVE/Qs,1,31.3784220219,31.3784220219
thresh,EVE/Qs,1,30.4581799507,30.4581799507
thresh,EVE/Qs,1,30.5816979408,30.5816979408
thresh,EVE/Qs,1,30.4955461025,30.4955461025
thresh,EVE/Qs,1,30.5388908386,30.5388908386
thresh,EVE/Qs,1,30.5189530849,30.5189530849
thresh,EVE/Qs,1,30.5771579742,30.5771579742
thresh,EVE/Qs,1,30.468556881,30.468556881
thresh,EVE/Qs,1,30.5109910965,30.5109910965
thresh,EVE/Qs,1,30.5772469044,30.5772469044
thresh,EVE/Qs,1,30.674405098,30.674405098
winnow,EVE/Qs,32,13.0539500713,13.0539500713
winnow,EVE/Qs,32,12.8078038692,12.8078038692
winnow,EVE/Qs,32,12.7468390465,12.7468390465
winnow,EVE/Qs,32,12.8005990982,12.8005990982
winnow,EVE/Qs,32,12.7590770721,12.7590770721
winnow,EVE/Qs,32,12.8016271591,12.8016271591
winnow,EVE/Qs,32,12.7571530342,12.7571530342
winnow,EVE/Qs,32,12.7772569656,12.7772569656
winnow,EVE/Qs,32,12.7615880966,12.7615880966
winnow,EVE/Qs,32,12.8419280052,12.8419280052
winnow,EVE/Qs,32,12.8037149906,12.8037149906
winnow,EVE/Qs,32,12.9186520576,12.9186520576
winnow,EVE/Qs,32,12.8722300529,12.8722300529
winnow,EVE/Qs,32,12.8509969711,12.8509969711
winnow,EVE/Qs,32,12.851183176,12.851183176
winnow,EVE/Qs,32,12.851788044,12.851788044
winnow,EVE/Qs,32,12.7330019474,12.7330019474
winnow,EVE/Qs,32,12.7797861099,12.7797861099
winnow,EVE/Qs,32,12.852284193,12.852284193
winnow,EVE/Qs,32,12.8627250195,12.8627250195
winnow,EVE/Qs,16,12.7419810295,12.7419810295
winnow,EVE/Qs,16,12.7674047947,12.7674047947
winnow,EVE/Qs,16,12.7316560745,12.7316560745
winnow,EVE/Qs,16,12.6888468266,12.6888468266
winnow,EVE/Qs,16,12.7084980011,12.7084980011
winnow,EVE/Qs,16,12.6615250111,12.6615250111
winnow,EVE/Qs,16,12.8608448505,12.8608448505
winnow,EVE/Qs,16,12.8990747929,12.8990747929
winnow,EVE/Qs,16,12.7375841141,12.7375841141
winnow,EVE/Qs,16,12.7154870033,12.7154870033
winnow,EVE/Qs,16,12.7560620308,12.7560620308
winnow,EVE/Qs,16,12.7919712067,12.7919712067
winnow,EVE/Qs,16,12.7411260605,12.7411260605
winnow,EVE/Qs,16,12.6383759975,12.6383759975
winnow,EVE/Qs,16,12.7627518177,12.7627518177
winnow,EVE/Qs,16,12.7333500385,12.7333500385
winnow,EVE/Qs,16,12.6509549618,12.6509549618
winnow,EVE/Qs,16,12.733289957,12.733289957
winnow,EVE/Qs,16,12.7550580502,12.7550580502
winnow,EVE/Qs,16,12.822537899,12.822537899
winnow,EVE/Qs,8,12.725466013,12.725466013
winnow,EVE/Qs,8,12.7000100613,12.7000100613
winnow,EVE/Qs,8,12.8023450375,12.8023450375
winnow,EVE/Qs,8,12.7838389874,12.7838389874
winnow,EVE/Qs,8,12.7000980377,12.7000980377
winnow,EVE/Qs,8,12.7555000782,12.7555000782
winnow,EVE/Qs,8,12.8259730339,12.8259730339
winnow,EVE/Qs,8,12.763931036,12.763931036
winnow,EVE/Qs,8,12.7017579079,12.7017579079
winnow,EVE/Qs,8,12.7617249489,12.7617249489
winnow,EVE/Qs,8,12.7316219807,12.7316219807
winnow,EVE/Qs,8,12.7111899853,12.7111899853
winnow,EVE/Qs,8,12.7454240322,12.7454240322
winnow,EVE/Qs,8,12.7280759811,12.7280759811
winnow,EVE/Qs,8,12.750538826,12.750538826
winnow,EVE/Qs,8,12.8011329174,12.8011329174
winnow,EVE/Qs,8,12.7688882351,12.7688882351
winnow,EVE/Qs,8,12.6890361309,12.6890361309
winnow,EVE/Qs,8,12.6862280369,12.6862280369
winnow,EVE/Qs,8,12.7327859402,12.7327859402
winnow,EVE/Qs,4,12.6665220261,12.6665220261
winnow,EVE/Qs,4,12.7844460011,12.7844460011
winnow,EVE/Qs,4,12.7260379791,12.7260379791
winnow,EVE/Qs,4,12.7347269058,12.7347269058
winnow,EVE/Qs,4,12.6579010487,12.6579010487
winnow,EVE/Qs,4,12.7268230915,12.7268230915
winnow,EVE/Qs,4,12.7138688564,12.7138688564
winnow,EVE/Qs,4,12.732047081,12.732047081
winnow,EVE/Qs,4,12.6934571266,12.6934571266
winnow,EVE/Qs,4,12.7749049664,12.7749049664
winnow,EVE/Qs,4,12.6461441517,12.6461441517
winnow,EVE/Qs,4,12.3930969238,12.3930969238
winnow,EVE/Qs,4,12.6589200497,12.6589200497
winnow,EVE/Qs,4,12.7212212086,12.7212212086
winnow,EVE/Qs,4,12.7785921097,12.7785921097
winnow,EVE/Qs,4,12.7576420307,12.7576420307
winnow,EVE/Qs,4,12.7320129871,12.7320129871
winnow,EVE/Qs,4,12.6485910416,12.6485910416
winnow,EVE/Qs,4,12.6376469135,12.6376469135
winnow,EVE/Qs,4,12.8628270626,12.8628270626
winnow,EVE/Qs,2,13.0103580952,13.0103580952
winnow,EVE/Qs,2,12.4029860497,12.4029860497
winnow,EVE/Qs,2,12.7777810097,12.7777810097
winnow,EVE/Qs,2,12.4214730263,12.4214730263
winnow,EVE/Qs,2,12.3842811584,12.3842811584
winnow,EVE/Qs,2,12.3488020897,12.3488020897
winnow,EVE/Qs,2,12.5026628971,12.5026628971
winnow,EVE/Qs,2,12.4743070602,12.4743070602
winnow,EVE/Qs,2,12.7673418522,12.7673418522
winnow,EVE/Qs,2,12.3000330925,12.3000330925
winnow,EVE/Qs,2,12.2686309814,12.2686309814
winnow,EVE/Qs,2,12.3744649887,12.3744649887
winnow,EVE/Qs,2,12.3166139126,12.3166139126
winnow,EVE/Qs,2,12.2505919933,12.2505919933
winnow,EVE/Qs,2,12.3137919903,12.3137919903
winnow,EVE/Qs,2,12.2760989666,12.2760989666
winnow,EVE/Qs,2,12.0520780087,12.0520780087
winnow,EVE/Qs,2,12.2590579987,12.2590579987
winnow,EVE/Qs,2,12.0630300045,12.0630300045
winnow,EVE/Qs,2,12.2634727955,12.2634727955
winnow,EVE/Qs,1,19.489634037,19.489634037
winnow,EVE/Qs,1,19.3830199242,19.3830199242
winnow,EVE/Qs,1,19.4434430599,19.4434430599
winnow,EVE/Qs,1,19.5246138573,19.5246138573
winnow,EVE/Qs,1,19.4528608322,19.4528608322
winnow,EVE/Qs,1,19.6210100651,19.6210100651
winnow,EVE/Qs,1,19.4304280281,19.4304280281
winnow,EVE/Qs,1,19.4688870907,19.4688870907
winnow,EVE/Qs,1,19.4738938808,19.4738938808
winnow,EVE/Qs,1,19.4969391823,19.4969391823
winnow,EVE/Qs,1,19.4316468239,19.4316468239
winnow,EVE/Qs,1,19.5636649132,19.5636649132
winnow,EVE/Qs,1,19.4767611027,19.4767611027
winnow,EVE/Qs,1,19.5137779713,19.5137779713
winnow,EVE/Qs,1,19.3821821213,19.3821821213
winnow,EVE/Qs,1,19.4602489471,19.4602489471
winnow,EVE/Qs,1,19.5594029427,19.5594029427
winnow,EVE/Qs,1,19.5305979252,19.5305979252
winnow,EVE/Qs,1,19.3700129986,19.3700129986
winnow,EVE/Qs,1,19.3365058899,19.3365058899
outer,EVE/Qs,32,11.3947238922,11.3947238922
outer,EVE/Qs,32,12.2910068035,12.2910068035
outer,EVE/Qs,32,11.1992559433,11.1992559433
outer,EVE/Qs,32,11.391215086,11.391215086
outer,EVE/Qs,32,11.2278928757,11.2278928757
outer,EVE/Qs,32,11.3429188728,11.3429188728
outer,EVE/Qs,32,11.5560820103,11.5560820103
outer,EVE/Qs,32,11.5361149311,11.5361149311
outer,EVE/Qs,32,11.2008581161,11.2008581161
outer,EVE/Qs,32,11.2575850487,11.2575850487
outer,EVE/Qs,32,11.204709053,11.204709053
outer,EVE/Qs,32,11.5563111305,11.5563111305
outer,EVE/Qs,32,11.5944328308,11.5944328308
outer,EVE/Qs,32,11.5507280827,11.5507280827
outer,EVE/Qs,32,11.2472310066,11.2472310066
outer,EVE/Qs,32,11.2639839649,11.2639839649
outer,EVE/Qs,32,11.3050639629,11.3050639629
outer,EVE/Qs,32,11.5250639915,11.5250639915
outer,EVE/Qs,32,11.5573778152,11.5573778152
outer,EVE/Qs,32,11.7085900307,11.7085900307
outer,EVE/Qs,16,11.2229139805,11.2229139805
outer,EVE/Qs,16,11.6582460403,11.6582460403
outer,EVE/Qs,16,11.5699470043,11.5699470043
outer,EVE/Qs,16,11.2842209339,11.2842209339
outer,EVE/Qs,16,11.2477889061,11.2477889061
outer,EVE/Qs,16,11.3318719864,11.3318719864
outer,EVE/Qs,16,11.5436809063,11.5436809063
outer,EVE/Qs,16,11.7548809052,11.7548809052
outer,EVE/Qs,16,11.3422970772,11.3422970772
outer,EVE/Qs,16,11.6153059006,11.6153059006
outer,EVE/Qs,16,11.2780809402,11.2780809402
outer,EVE/Qs,16,11.3156859875,11.3156859875
outer,EVE/Qs,16,11.3932259083,11.3932259083
outer,EVE/Qs,16,11.5887920856,11.5887920856
outer,EVE/Qs,16,11.2102279663,11.2102279663
outer,EVE/Qs,16,11.2190539837,11.2190539837
outer,EVE/Qs,16,11.2525119781,11.2525119781
outer,EVE/Qs,16,11.2294859886,11.2294859886
outer,EVE/Qs,16,11.7393989563,11.7393989563
outer,EVE/Qs,16,11.2086501122,11.2086501122
outer,EVE/Qs,8,11.2240600586,11.2240600586
outer,EVE/Qs,8,11.2176651955,11.2176651955
outer,EVE/Qs,8,11.1787590981,11.1787590981
outer,EVE/Qs,8,11.2082910538,11.2082910538
outer,EVE/Qs,8,11.3946449757,11.3946449757
outer,EVE/Qs,8,11.1652798653,11.1652798653
outer,EVE/Qs,8,11.1865868568,11.1865868568
outer,EVE/Qs,8,11.5352568626,11.5352568626
outer,EVE/Qs,8,11.1844558716,11.1844558716
outer,EVE/Qs,8,11.1938309669,11.1938309669
outer,EVE/Qs,8,11.5381419659,11.5381419659
outer,EVE/Qs,8,11.4382479191,11.4382479191
outer,EVE/Qs,8,11.7493171692,11.7493171692
outer,EVE/Qs,8,11.196641922,11.196641922
outer,EVE/Qs,8,11.1431670189,11.1431670189
outer,EVE/Qs,8,11.2036061287,11.2036061287
outer,EVE/Qs,8,11.1199929714,11.1199929714
outer,EVE/Qs,8,11.282378912,11.282378912
outer,EVE/Qs,8,11.243103981,11.243103981
outer,EVE/Qs,8,11.1812469959,11.1812469959
outer,EVE/Qs,4,11.2886209488,11.2886209488
outer,EVE/Qs,4,11.2040221691,11.2040221691
outer,EVE/Qs,4,11.142718792,11.142718792
outer,EVE/Qs,4,11.1809060574,11.1809060574
outer,EVE/Qs,4,11.2009251118,11.2009251118
outer,EVE/Qs,4,11.1457440853,11.1457440853
outer,EVE/Qs,4,11.1835861206,11.1835861206
outer,EVE/Qs,4,11.1524591446,11.1524591446
outer,EVE/Qs,4,11.2035241127,11.2035241127
outer,EVE/Qs,4,11.4714729786,11.4714729786
outer,EVE/Qs,4,11.1731901169,11.1731901169
outer,EVE/Qs,4,11.228099823,11.228099823
outer,EVE/Qs,4,11.1677291393,11.1677291393
outer,EVE/Qs,4,11.1723041534,11.1723041534
outer,EVE/Qs,4,11.1458208561,11.1458208561
outer,EVE/Qs,4,11.1715800762,11.1715800762
outer,EVE/Qs,4,11.8618741035,11.8618741035
outer,EVE/Qs,4,11.1671140194,11.1671140194
outer,EVE/Qs,4,11.4743478298,11.4743478298
outer,EVE/Qs,4,11.2220828533,11.2220828533
outer,EVE/Qs,2,12.2577309608,12.2577309608
outer,EVE/Qs,2,12.2592520714,12.2592520714
outer,EVE/Qs,2,12.11156106,12.11156106
outer,EVE/Qs,2,12.1656360626,12.1656360626
outer,EVE/Qs,2,12.441947937,12.441947937
outer,EVE/Qs,2,11.2076129913,11.2076129913
outer,EVE/Qs,2,11.973845005,11.973845005
outer,EVE/Qs,2,12.2922439575,12.2922439575
outer,EVE/Qs,2,12.3121378422,12.3121378422
outer,EVE/Qs,2,12.4782540798,12.4782540798
outer,EVE/Qs,2,12.2192840576,12.2192840576
outer,EVE/Qs,2,12.1563849449,12.1563849449
outer,EVE/Qs,2,12.271217823,12.271217823
outer,EVE/Qs,2,12.6022210121,12.6022210121
outer,EVE/Qs,2,12.5558328629,12.5558328629
outer,EVE/Qs,2,12.1119909286,12.1119909286
outer,EVE/Qs,2,12.3346948624,12.3346948624
outer,EVE/Qs,2,12.1152060032,12.1152060032
outer,EVE/Qs,2,12.1757190228,12.1757190228
outer,EVE/Qs,2,12.1862859726,12.1862859726
outer,EVE/Qs,1,13.9427249432,13.9427249432
outer,EVE/Qs,1,13.9281070232,13.9281070232
outer,EVE/Qs,1,13.9635360241,13.9635360241
outer,EVE/Qs,1,14.1206450462,14.1206450462
outer,EVE/Qs,1,13.8949711323,13.8949711323
outer,EVE/Qs,1,13.9558548927,13.9558548927
outer,EVE/Qs,1,14.3104579449,14.3104579449
outer,EVE/Qs,1,14.3124058247,14.3124058247
outer,EVE/Qs,1,13.9179389477,13.9179389477
outer,EVE/Qs,1,13.9417262077,13.9417262077
outer,EVE/Qs,1,13.9507279396,13.9507279396
outer,EVE/Qs,1,13.8145318031,13.8145318031
outer,EVE/Qs,1,13.7934470177,13.7934470177
outer,EVE/Qs,1,13.8345768452,13.8345768452
outer,EVE/Qs,1,13.884953022,13.884953022
outer,EVE/Qs,1,13.7938349247,13.7938349247
outer,EVE/Qs,1,13.7897589207,13.7897589207
outer,EVE/Qs,1,14.0115509033,14.0115509033
outer,EVE/Qs,1,13.810147047,13.810147047
outer,EVE/Qs,1,13.8336498737,13.8336498737
product,EVE/Qs,32,9.91715097427,9.91715097427
product,EVE/Qs,32,9.77208995819,9.77208995819
product,EVE/Qs,32,9.76333403587,9.76333403587
product,EVE/Qs,32,9.78526306152,9.78526306152
product,EVE/Qs,32,9.7869310379,9.7869310379
product,EVE/Qs,32,9.77204585075,9.77204585075
product,EVE/Qs,32,9.74881219864,9.74881219864
product,EVE/Qs,32,9.76643109322,9.76643109322
product,EVE/Qs,32,9.77309393883,9.77309393883
product,EVE/Qs,32,9.76540589333,9.76540589333
product,EVE/Qs,32,9.75754714012,9.75754714012
product,EVE/Qs,32,9.75529289246,9.75529289246
product,EVE/Qs,32,9.77563500404,9.77563500404
product,EVE/Qs,32,9.77402186394,9.77402186394
product,EVE/Qs,32,9.76793193817,9.76793193817
product,EVE/Qs,32,9.76632380486,9.76632380486
product,EVE/Qs,32,9.76968312263,9.76968312263
product,EVE/Qs,32,9.77570199966,9.77570199966
product,EVE/Qs,32,9.76975417137,9.76975417137
product,EVE/Qs,32,9.77827882767,9.77827882767
product,EVE/Qs,16,9.76294708252,9.76294708252
product,EVE/Qs,16,9.7697429657,9.7697429657
product,EVE/Qs,16,9.74531602859,9.74531602859
product,EVE/Qs,16,9.7538690567,9.7538690567
product,EVE/Qs,16,9.76161599159,9.76161599159
product,EVE/Qs,16,9.7510240078,9.7510240078
product,EVE/Qs,16,9.77988910675,9.77988910675
product,EVE/Qs,16,9.87883996964,9.87883996964
product,EVE/Qs,16,9.76745390892,9.76745390892
product,EVE/Qs,16,9.75784301758,9.75784301758
product,EVE/Qs,16,9.75519299507,9.75519299507
product,EVE/Qs,16,9.78884005547,9.78884005547
product,EVE/Qs,16,9.75656604767,9.75656604767
product,EVE/Qs,16,9.75448989868,9.75448989868
product,EVE/Qs,16,9.74846100807,9.74846100807
product,EVE/Qs,16,9.76625800133,9.76625800133
product,EVE/Qs,16,9.79633021355,9.79633021355
product,EVE/Qs,16,9.74352502823,9.74352502823
product,EVE/Qs,16,9.75703597069,9.75703597069
product,EVE/Qs,16,9.76225805283,9.76225805283
product,EVE/Qs,8,9.75839114189,9.75839114189
product,EVE/Qs,8,9.7370390892,9.7370390892
product,EVE/Qs,8,9.74610304832,9.74610304832
product,EVE/Qs,8,9.73856687546,9.73856687546
product,EVE/Qs,8,9.73875999451,9.73875999451
product,EVE/Qs,8,9.75659203529,9.75659203529
product,EVE/Qs,8,9.78815698624,9.78815698624
product,EVE/Qs,8,9.75809812546,9.75809812546
product,EVE/Qs,8,9.75480008125,9.75480008125
product,EVE/Qs,8,9.74095487595,9.74095487595
product,EVE/Qs,8,9.74232196808,9.74232196808
product,EVE/Qs,8,9.74472904205,9.74472904205
product,EVE/Qs,8,9.8340780735,9.8340780735
product,EVE/Qs,8,9.75125598907,9.75125598907
product,EVE/Qs,8,9.74974894524,9.74974894524
product,EVE/Qs,8,9.7539730072,9.7539730072
product,EVE/Qs,8,9.75147199631,9.75147199631
product,EVE/Qs,8,9.74838018417,9.74838018417
product,EVE/Qs,8,9.75515699387,9.75515699387
product,EVE/Qs,8,9.745885849,9.745885849
product,EVE/Qs,4,9.81396985054,9.81396985054
product,EVE/Qs,4,9.74708890915,9.74708890915
product,EVE/Qs,4,9.74020195007,9.74020195007
product,EVE/Qs,4,9.74162220955,9.74162220955
product,EVE/Qs,4,9.73888802528,9.73888802528
product,EVE/Qs,4,9.73769211769,9.73769211769
product,EVE/Qs,4,9.73727798462,9.73727798462
product,EVE/Qs,4,9.74810385704,9.74810385704
product,EVE/Qs,4,9.7598490715,9.7598490715
product,EVE/Qs,4,9.74068403244,9.74068403244
product,EVE/Qs,4,9.74657797813,9.74657797813
product,EVE/Qs,4,9.73716115952,9.73716115952
product,EVE/Qs,4,9.74208498001,9.74208498001
product,EVE/Qs,4,9.73492598534,9.73492598534
product,EVE/Qs,4,9.74676918983,9.74676918983
product,EVE/Qs,4,9.75090289116,9.75090289116
product,EVE/Qs,4,9.73875808716,9.73875808716
product,EVE/Qs,4,9.74371099472,9.74371099472
product,EVE/Qs,4,9.75037193298,9.75037193298
product,EVE/Qs,4,9.74589085579,9.74589085579
product,EVE/Qs,2,9.74048399925,9.74048399925
product,EVE/Qs,2,9.55005216599,9.55005216599
product,EVE/Qs,2,9.55615878105,9.55615878105
product,EVE/Qs,2,9.73221492767,9.73221492767
product,EVE/Qs,2,9.53859591484,9.53859591484
product,EVE/Qs,2,9.74204301834,9.74204301834
product,EVE/Qs,2,9.73407101631,9.73407101631
product,EVE/Qs,2,9.73268294334,9.73268294334
product,EVE/Qs,2,9.74712395668,9.74712395668
product,EVE/Qs,2,9.74023413658,9.74023413658
product,EVE/Qs,2,9.55397796631,9.55397796631
product,EVE/Qs,2,9.74319696426,9.74319696426
product,EVE/Qs,2,9.73455119133,9.73455119133
product,EVE/Qs,2,9.5412709713,9.5412709713
product,EVE/Qs,2,9.73311185837,9.73311185837
product,EVE/Qs,2,9.54160308838,9.54160308838
product,EVE/Qs,2,9.75418901443,9.75418901443
product,EVE/Qs,2,9.72862505913,9.72862505913
product,EVE/Qs,2,9.72917699814,9.72917699814
product,EVE/Qs,2,9.74780106544,9.74780106544
product,EVE/Qs,1,9.99922299385,9.99922299385
product,EVE/Qs,1,10.0527229309,10.0527229309
product,EVE/Qs,1,9.98755216599,9.98755216599
product,EVE/Qs,1,10.0108208656,10.0108208656
product,EVE/Qs,1,9.99627995491,9.99627995491
product,EVE/Qs,1,9.97692894936,9.97692894936
product,EVE/Qs,1,9.9708070755,9.9708070755
product,EVE/Qs,1,9.97881913185,9.97881913185
product,EVE/Qs,1,9.98562812805,9.98562812805
product,EVE/Qs,1,9.99895095825,9.99895095825
product,EVE/Qs,1,9.98764896393,9.98764896393
product,EVE/Qs,1,10.0095949173,10.0095949173
product,EVE/Qs,1,9.99862504005,9.99862504005
product,EVE/Qs,1,9.98774385452,9.98774385452
product,EVE/Qs,1,10.1142299175,10.1142299175
product,EVE/Qs,1,9.97226977348,9.97226977348
product,EVE/Qs,1,9.99528598785,9.99528598785
product,EVE/Qs,1,10.0079338551,10.0079338551
product,EVE/Qs,1,9.97942209244,9.97942209244
product,EVE/Qs,1,9.99716186523,9.99716186523
chain,EVE/Qs,32,29.5080900192,29.5080900192
chain,EVE/Qs,32,29.5674858093,29.5674858093
chain,EVE/Qs,32,29.2577347755,29.2577347755
chain,EVE/Qs,32,27.4426651001,27.4426651001
chain,EVE/Qs,32,29.6979248524,29.6979248524
chain,EVE/Qs,32,29.7202830315,29.7202830315
chain,EVE/Qs,32,29.6205329895,29.6205329895
chain,EVE/Qs,32,29.5056080818,29.5056080818
chain,EVE/Qs,32,29.9056670666,29.9056670666
chain,EVE/Qs,32,29.4912970066,29.4912970066
chain,EVE/Qs,32,30.0608651638,30.0608651638
chain,EVE/Qs,32,29.6424710751,29.6424710751
chain,EVE/Qs,32,29.8151528835,29.8151528835
chain,EVE/Qs,32,27.2309010029,27.2309010029
chain,EVE/Qs,32,29.5054218769,29.5054218769
chain,EVE/Qs,32,29.8631169796,29.8631169796
chain,EVE/Qs,32,29.5900149345,29.5900149345
chain,EVE/Qs,32,29.6638228893,29.6638228893
chain,EVE/Qs,32,29.6230020523,29.6230020523
chain,EVE/Qs,32,29.6222980022,29.6222980022
chain,EVE/Qs,16,28.198745966,28.198745966
chain,EVE/Qs,16,29.4948170185,29.4948170185
chain,EVE/Qs,16,29.6648819447,29.6648819447
chain,EVE/Qs,16,29.6293449402,29.6293449402
chain,EVE/Qs,16,29.809746027,29.809746027
chain,EVE/Qs,16,29.769712925,29.769712925
chain,EVE/Qs,16,29.5027120113,29.5027120113
chain,EVE/Qs,16,33.6972990036,33.6972990036
chain,EVE/Qs,16,29.4789628983,29.4789628983
chain,EVE/Qs,16,29.5268630981,29.5268630981
chain,EVE/Qs,16,29.6298539639,29.6298539639
chain,EVE/Qs,16,29.8473620415,29.8473620415
chain,EVE/Qs,16,31.2944550514,31.2944550514
chain,EVE/Qs,16,27.1214728355,27.1214728355
chain,EVE/Qs,16,29.6179208755,29.6179208755
chain,EVE/Qs,16,29.6000709534,29.6000709534
chain,EVE/Qs,16,27.8194909096,27.8194909096
chain,EVE/Qs,16,28.3864099979,28.3864099979
chain,EVE/Qs,16,27.3295350075,27.3295350075
chain,EVE/Qs,16,29.1827061176,29.1827061176
chain,EVE/Qs,1,39.5117800236,39.5117800236
chain,EVE/Qs,1,41.3377420902,41.3377420902
chain,EVE/Qs,1,41.629087925,41.629087925
chain,EVE/Qs,1,41.1988110542,41.1988110542
chain,EVE/Qs,1,39.9937748909,39.9937748909
chain,EVE/Qs,1,41.2934150696,41.2934150696
chain,EVE/Qs,1,40.3025140762,40.3025140762
chain,EVE/Qs,1,41.4497141838,41.4497141838
chain,EVE/Qs,1,40.2272479534,40.2272479534
chain,EVE/Qs,1,39.3935930729,39.3935930729
chain,EVE/Qs,1,40.2863018513,40.2863018513
chain,EVE/Qs,1,38.6956729889,38.6956729889
chain,EVE/Qs,1,40.6518881321,40.6518881321
chain,EVE/Qs,1,39.878567934,39.878567934
chain,EVE/Qs,1,38.8580770493,38.8580770493
chain,EVE/Qs,1,40.373650074,40.373650074
chain,EVE/Qs,1,37.9321670532,37.9321670532
chain,EVE/Qs,1,38.1701087952,38.1701087952
chain,EVE/Qs,1,37.2600519657,37.2600519657
chain,EVE/Qs,1,36.9036870003,36.9036870003
chain,EVE/Qs,2,34.850689888,34.850689888
chain,EVE/Qs,2,34.6890928745,34.6890928745
chain,EVE/Qs,2,37.0472071171,37.0472071171
chain,EVE/Qs,2,34.9582130909,34.9582130909
chain,EVE/Qs,2,35.18272686,35.18272686
chain,EVE/Qs,2,34.9969439507,34.9969439507
chain,EVE/Qs,2,34.9225068092,34.9225068092
chain,EVE/Qs,2,32.4771718979,32.4771718979
chain,EVE/Qs,2,34.0388720036,34.0388720036
chain,EVE/Qs,2,34.9514899254,34.9514899254
chain,EVE/Qs,2,37.0391590595,37.0391590595
chain,EVE/Qs,2,35.2065041065,35.2065041065
chain,EVE/Qs,2,36.6634039879,36.6634039879
chain,EVE/Qs,2,35.8157420158,35.8157420158
chain,EVE/Qs,2,31.8820521832,31.8820521832
chain,EVE/Qs,2,35.0147209167,35.0147209167
chain,EVE/Qs,2,36.8296620846,36.8296620846
chain,EVE/Qs,2,35.0695791245,35.0695791245
chain,EVE/Qs,2,33.6241550446,33.6241550446
chain,EVE/Qs,2,35.073679924,35.073679924
chain,EVE/Qs,4,31.5145831108,31.5145831108
chain,EVE/Qs,4,33.3595209122,33.3595209122
chain,EVE/Qs,4,28.8865721226,28.8865721226
chain,EVE/Qs,4,31.5008759499,31.5008759499
chain,EVE/Qs,4,28.8764059544,28.8764059544
chain,EVE/Qs,4,31.3983309269,31.3983309269
chain,EVE/Qs,4,31.5070879459,31.5070879459
chain,EVE/Qs,4,32.6393799782,32.6393799782
chain,EVE/Qs,4,33.3936841488,33.3936841488
chain,EVE/Qs,4,30.6031429768,30.6031429768
chain,EVE/Qs,4,33.4366569519,33.4366569519
chain,EVE/Qs,4,30.6721611023,30.6721611023
chain,EVE/Qs,4,31.3677289486,31.3677289486
chain,EVE/Qs,4,32.8823618889,32.8823618889
chain,EVE/Qs,4,30.5822379589,30.5822379589
chain,EVE/Qs,4,30.5955398083,30.5955398083
chain,EVE/Qs,4,31.573800087,31.573800087
chain,EVE/Qs,4,33.3448770046,33.3448770046
chain,EVE/Qs,4,31.5761709213,31.5761709213
chain,EVE/Qs,4,32.6462950706,32.6462950706
chain,EVE/Qs,8,29.0913181305,29.0913181305
chain,EVE/Qs,8,28.9475281239,28.9475281239
chain,EVE/Qs,8,29.7154431343,29.7154431343
chain,EVE/Qs,8,29.817125082,29.817125082
chain,EVE/Qs,8,30.8781621456,30.8781621456
chain,EVE/Qs,8,28.8538298607,28.8538298607
chain,EVE/Qs,8,30.2681179047,30.2681179047
chain,EVE/Qs,8,29.7838768959,29.7838768959
chain,EVE/Qs,8,29.0462582111,29.0462582111
chain,EVE/Qs,8,30.2121810913,30.2121810913
chain,EVE/Qs,8,31.722465992,31.722465992
chain,EVE/Qs,8,29.0143539906,29.0143539906
chain,EVE/Qs,8,31.404031992,31.404031992
chain,EVE/Qs,8,30.6882879734,30.6882879734
chain,EVE/Qs,8,28.4916949272,28.4916949272
chain,EVE/Qs,8,30.9967339039,30.9967339039
chain,EVE/Qs,8,28.5035641193,28.5035641193
chain,EVE/Qs,8,28.4442100525,28.4442100525
chain,EVE/Qs,8,28.3691878319,28.3691878319
chain,EVE/Qs,8,29.9165239334,29.9165239334
randmat,qs,1,0.717144966125,0.578538
randmat,qs,1,0.70588183403,0.579884
randmat,qs,1,0.709472894669,0.581436
randmat,qs,1,0.709706068039,0.581503
randmat,qs,1,0.708055019379,0.581154
randmat,qs,1,0.70503783226,0.578647
randmat,qs,1,0.707311153412,0.579878
randmat,qs,1,0.708402872086,0.58133
randmat,qs,1,0.705654144287,0.578084
randmat,qs,1,0.706665039062,0.579419
randmat,qs,1,0.709138870239,0.579746
randmat,qs,1,0.707892894745,0.581224
randmat,qs,1,0.704895973206,0.578074
randmat,qs,1,0.706804037094,0.57999
randmat,qs,1,0.708433866501,0.581652
randmat,qs,1,0.709319829941,0.58141
randmat,qs,1,0.705386161804,0.577647
randmat,qs,1,0.707123994827,0.579448
randmat,qs,1,0.707677841187,0.580314
randmat,qs,1,0.708853006363,0.581383
randmat,qs,2,0.431132078171,0.298963
randmat,qs,2,0.420997858047,0.294793
randmat,qs,2,0.431996822357,0.302669
randmat,qs,2,0.423598051071,0.301511
randmat,qs,2,0.430949926376,0.300316
randmat,qs,2,0.432172060013,0.301624
randmat,qs,2,0.431158065796,0.29928
randmat,qs,2,0.431900978088,0.301617
randmat,qs,2,0.423020124435,0.301769
randmat,qs,2,0.422386884689,0.296572
randmat,qs,2,0.421286821365,0.299078
randmat,qs,2,0.429329872131,0.30135
randmat,qs,2,0.43137383461,0.299429
randmat,qs,2,0.424932003021,0.298279
randmat,qs,2,0.425670146942,0.299164
randmat,qs,2,0.422439813614,0.298792
randmat,qs,2,0.422186136246,0.300993
randmat,qs,2,0.4223279953,0.300888
randmat,qs,2,0.434102058411,0.30398
randmat,qs,2,0.429197072983,0.300966
randmat,qs,4,0.280999183655,0.151252
randmat,qs,4,0.281785011292,0.151404
randmat,qs,4,0.284307003021,0.153777
randmat,qs,4,0.281612157822,0.152048
randmat,qs,4,0.286139011383,0.152044
randmat,qs,4,0.286419868469,0.152795
randmat,qs,4,0.285274982452,0.152206
randmat,qs,4,0.282897949219,0.15266
randmat,qs,4,0.277483940125,0.151885
randmat,qs,4,0.281848192215,0.152136
randmat,qs,4,0.282804012299,0.151385
randmat,qs,4,0.280827999115,0.15491
randmat,qs,4,0.282707929611,0.150784
randmat,qs,4,0.280453920364,0.154337
randmat,qs,4,0.283067941666,0.153093
randmat,qs,4,0.275397777557,0.151294
randmat,qs,4,0.289531946182,0.151356
randmat,qs,4,0.282762050629,0.154816
randmat,qs,4,0.279083967209,0.152513
randmat,qs,4,0.282836914062,0.152297
randmat,qs,8,0.219775915146,0.084661
randmat,qs,8,0.218560934067,0.084669
randmat,qs,8,0.21377491951,0.082981
randmat,qs,8,0.217730045319,0.084979
randmat,qs,8,0.219752073288,0.085907
randmat,qs,8,0.21749997139,0.083439
randmat,qs,8,0.214972019196,0.083878
randmat,qs,8,0.219338178635,0.081894
randmat,qs,8,0.218706846237,0.086042
randmat,qs,8,0.219017982483,0.085502
randmat,qs,8,0.216215133667,0.083138
randmat,qs,8,0.215240001678,0.083216
randmat,qs,8,0.214514017105,0.081093
randmat,qs,8,0.221762895584,0.088077
randmat,qs,8,0.217823028564,0.084576
randmat,qs,8,0.218023061752,0.085282
randmat,qs,8,0.218389987946,0.083764
randmat,qs,8,0.216768026352,0.083467
randmat,qs,8,0.218815803528,0.083505
randmat,qs,8,0.220752000809,0.089235
randmat,qs,16,0.202543020248,0.056293
randmat,qs,16,0.198355913162,0.049725
randmat,qs,16,0.191217899323,0.050239
randmat,qs,16,0.196238994598,0.04938
randmat,qs,16,0.193387031555,0.05077
randmat,qs,16,0.189395904541,0.046626
randmat,qs,16,0.188086986542,0.045844
randmat,qs,16,0.193770885468,0.049407
randmat,qs,16,0.203016996384,0.051744
randmat,qs,16,0.192327022552,0.048673
randmat,qs,16,0.188913106918,0.047242
randmat,qs,16,0.193802833557,0.048775
randmat,qs,16,0.195331811905,0.050236
randmat,qs,16,0.191391944885,0.046529
randmat,qs,16,0.19074511528,0.045574
randmat,qs,16,0.199049949646,0.052223
randmat,qs,16,0.201364040375,0.055414
randmat,qs,16,0.190694093704,0.046478
randmat,qs,16,0.196678876877,0.046047
randmat,qs,16,0.202208042145,0.05053
randmat,qs,32,0.225677967072,0.046964
randmat,qs,32,0.299560070038,0.060706
randmat,qs,32,0.282748222351,0.066542
randmat,qs,32,0.248883008957,0.052499
randmat,qs,32,0.209540843964,0.038311
randmat,qs,32,0.252015829086,0.061252
randmat,qs,32,0.258545160294,0.053895
randmat,qs,32,0.22039604187,0.045375
randmat,qs,32,0.218633890152,0.042943
randmat,qs,32,0.244349956512,0.055871
randmat,qs,32,0.284309864044,0.066157
randmat,qs,32,0.273102998734,0.058904
randmat,qs,32,0.217706918716,0.040751
randmat,qs,32,0.220340967178,0.044558
randmat,qs,32,0.212424039841,0.041792
randmat,qs,32,0.221515893936,0.04441
randmat,qs,32,0.235007047653,0.052545
randmat,qs,32,0.272992134094,0.067724
randmat,qs,32,0.228435993195,0.050095
randmat,qs,32,0.22411108017,0.047137
thresh,qs,1,3.6516699791,1.838472
thresh,qs,1,3.62425684929,1.828207
thresh,qs,1,3.63909196854,1.834038
thresh,qs,1,3.62751579285,1.819723
thresh,qs,1,3.64786100388,1.838293
thresh,qs,1,3.63989114761,1.825803
thresh,qs,1,3.67692399025,1.830441
thresh,qs,1,3.62553286552,1.823322
thresh,qs,1,3.64446282387,1.828851
thresh,qs,1,3.6275780201,1.829979
thresh,qs,1,3.63087010384,1.829145
thresh,qs,1,3.62752199173,1.824251
thresh,qs,1,3.63423395157,1.831607
thresh,qs,1,3.64617991447,1.836474
thresh,qs,1,3.651004076,1.840469
thresh,qs,1,3.64190196991,1.837635
thresh,qs,1,3.62062311172,1.818188
thresh,qs,1,3.63350319862,1.826522
thresh,qs,1,3.6418030262,1.823791
thresh,qs,1,3.62983393669,1.822476
thresh,qs,2,2.69108891487,0.906811
thresh,qs,2,2.69125819206,0.886004
thresh,qs,2,2.71738314629,0.916415
thresh,qs,2,2.70546483994,0.89613
thresh,qs,2,2.66623592377,0.88347
thresh,qs,2,2.6984539032,0.897025
thresh,qs,2,2.85994291306,1.072601
thresh,qs,2,2.67242503166,0.896546
thresh,qs,2,2.67113304138,0.891159
thresh,qs,2,2.69095492363,0.888236
thresh,qs,2,2.70790481567,1.134441
thresh,qs,2,2.68956613541,0.903158
thresh,qs,2,2.70563006401,0.894773
thresh,qs,2,2.69117093086,1.138783
thresh,qs,2,2.70254516602,0.894828
thresh,qs,2,2.66899299622,0.915869
thresh,qs,2,2.7011039257,0.897897
thresh,qs,2,2.69579911232,0.900313
thresh,qs,2,2.70921182632,0.905978
thresh,qs,2,2.91528010368,1.112168
thresh,qs,4,2.26516890526,0.449746
thresh,qs,4,2.26607489586,0.448691
thresh,qs,4,2.25688815117,0.571423
thresh,qs,4,2.29673409462,0.547905
thresh,qs,4,2.28692793846,0.541629
thresh,qs,4,2.27437210083,0.452977
thresh,qs,4,2.35059714317,0.541067
thresh,qs,4,2.25318098068,0.445483
thresh,qs,4,2.25184202194,0.464792
thresh,qs,4,2.25516009331,0.451319
thresh,qs,4,2.2442150116,0.450536
thresh,qs,4,2.26570701599,0.445938
thresh,qs,4,2.25368213654,0.551934
thresh,qs,4,2.27517199516,0.568773
thresh,qs,4,2.35799598694,0.551603
thresh,qs,4,2.25475907326,0.519025
thresh,qs,4,2.26488804817,0.459286
thresh,qs,4,2.35964798927,0.555657
thresh,qs,4,2.28312897682,0.461705
thresh,qs,4,2.36739993095,0.546948
thresh,qs,8,2.07768392563,0.306642
thresh,qs,8,2.15926980972,0.316861
thresh,qs,8,2.08987092972,0.308567
thresh,qs,8,2.15515804291,0.308518
thresh,qs,8,2.09649896622,0.296262
thresh,qs,8,2.13038110733,0.31745
thresh,qs,8,2.09900784492,0.283416
thresh,qs,8,2.11922597885,0.28594
thresh,qs,8,2.09352993965,0.307935
thresh,qs,8,2.11531591415,0.253663
thresh,qs,8,2.11260986328,0.30983
thresh,qs,8,2.10589194298,0.312896
thresh,qs,8,2.14313483238,0.293833
thresh,qs,8,2.11571192741,0.256517
thresh,qs,8,2.09096503258,0.312184
thresh,qs,8,2.0797829628,0.281058
thresh,qs,8,2.10313200951,0.285381
thresh,qs,8,2.10816287994,0.310992
thresh,qs,8,2.12786412239,0.311595
thresh,qs,8,2.08622479439,0.306245
thresh,qs,16,2.08599019051,0.156747
thresh,qs,16,2.05930805206,0.164092
thresh,qs,16,2.08768391609,0.161892
thresh,qs,16,2.16362190247,0.16421
thresh,qs,16,2.10637903214,0.165823
thresh,qs,16,2.07740187645,0.165216
thresh,qs,16,2.08411502838,0.157158
thresh,qs,16,2.09830093384,0.141301
thresh,qs,16,2.09791111946,0.162811
thresh,qs,16,2.09691596031,0.166495
thresh,qs,16,2.12255191803,0.149259
thresh,qs,16,2.13428902626,0.158645
thresh,qs,16,2.09562492371,0.165386
thresh,qs,16,2.10496902466,0.159407
thresh,qs,16,2.11421394348,0.147312
thresh,qs,16,2.11340999603,0.160964
thresh,qs,16,2.0880010128,0.13667
thresh,qs,16,2.07937908173,0.169785
thresh,qs,16,2.101790905,0.159263
thresh,qs,16,2.04760408401,0.16711
thresh,qs,32,2.14909911156,0.091609
thresh,qs,32,2.1919939518,0.094001
thresh,qs,32,2.20133209229,0.095506
thresh,qs,32,2.20539498329,0.097461
thresh,qs,32,2.18793296814,0.095288
thresh,qs,32,2.19220304489,0.087014
thresh,qs,32,2.14712691307,0.090188
thresh,qs,32,2.16112494469,0.095432
thresh,qs,32,2.19085288048,0.091898
thresh,qs,32,2.16455793381,0.08688
thresh,qs,32,2.17239689827,0.102427
thresh,qs,32,2.23591685295,0.100146
thresh,qs,32,2.24706101418,0.094708
thresh,qs,32,2.21080803871,0.096617
thresh,qs,32,2.22931790352,0.094926
thresh,qs,32,2.18133091927,0.091943
thresh,qs,32,2.17193198204,0.092426
thresh,qs,32,2.1991648674,0.09756
thresh,qs,32,2.17809009552,0.09332
thresh,qs,32,2.1833050251,0.096443
winnow,qs,1,5.11227798462,2.775677
winnow,qs,1,5.05540108681,2.774821
winnow,qs,1,5.05248904228,2.775084
winnow,qs,1,5.06137394905,2.774961
winnow,qs,1,5.05671691895,2.775178
winnow,qs,1,5.05689191818,2.77529
winnow,qs,1,5.05437588692,2.774946
winnow,qs,1,5.0602478981,2.775127
winnow,qs,1,5.05766916275,2.774714
winnow,qs,1,5.05770015717,2.775064
winnow,qs,1,5.04941797256,2.775044
winnow,qs,1,5.05832290649,2.775179
winnow,qs,1,5.05654287338,2.775493
winnow,qs,1,5.05674791336,2.775383
winnow,qs,1,5.05754494667,2.775108
winnow,qs,1,5.05704498291,2.775185
winnow,qs,1,5.05711293221,2.775669
winnow,qs,1,5.05635499954,2.775034
winnow,qs,1,5.05555009842,2.774982
winnow,qs,1,5.06551194191,2.775196
winnow,qs,2,3.69694900513,1.407734
winnow,qs,2,3.68739080429,1.412389
winnow,qs,2,3.69703793526,1.40914
winnow,qs,2,3.67592597008,1.408542
winnow,qs,2,3.68905901909,1.40887
winnow,qs,2,3.68979096413,1.407069
winnow,qs,2,3.68787384033,1.408872
winnow,qs,2,3.68446397781,1.409077
winnow,qs,2,3.68106293678,1.405138
winnow,qs,2,3.6628780365,1.406102
winnow,qs,2,3.69105315208,1.392036
winnow,qs,2,3.67494106293,1.408948
winnow,qs,2,3.69020295143,1.393202
winnow,qs,2,3.69041395187,1.39832
winnow,qs,2,3.69569611549,1.406701
winnow,qs,2,3.69138717651,1.411131
winnow,qs,2,3.68636894226,1.40701
winnow,qs,2,3.68169212341,1.407355
winnow,qs,2,3.68478393555,1.409411
winnow,qs,2,3.6871509552,1.40993
winnow,qs,4,3.01360797882,0.720762
winnow,qs,4,3.00954198837,0.721466
winnow,qs,4,3.00835895538,0.720588
winnow,qs,4,3.00742793083,0.719386
winnow,qs,4,3.00000905991,0.723357
winnow,qs,4,3.01940917969,0.72063
winnow,qs,4,3.0123360157,0.720071
winnow,qs,4,3.02233290672,0.719247
winnow,qs,4,3.06326293945,0.721657
winnow,qs,4,3.01911592484,0.723147
winnow,qs,4,2.99430990219,0.721036
winnow,qs,4,3.02131009102,0.7201
winnow,qs,4,3.00052595139,0.721205
winnow,qs,4,3.01143312454,0.719927
winnow,qs,4,3.01829981804,0.721898
winnow,qs,4,3.01928901672,0.718829
winnow,qs,4,3.01438498497,0.723922
winnow,qs,4,3.01634001732,0.70904
winnow,qs,4,2.98180389404,0.722545
winnow,qs,4,3.03715491295,0.700878
winnow,qs,8,2.67207098007,0.361006
winnow,qs,8,2.67321300507,0.361608
winnow,qs,8,2.6674220562,0.362441
winnow,qs,8,2.65464186668,0.36248
winnow,qs,8,2.66620492935,0.361394
winnow,qs,8,2.65653586388,0.361816
winnow,qs,8,2.68229007721,0.366134
winnow,qs,8,2.67448115349,0.361904
winnow,qs,8,2.66517591476,0.363635
winnow,qs,8,2.6759519577,0.363938
winnow,qs,8,2.66189002991,0.365842
winnow,qs,8,2.67902994156,0.364662
winnow,qs,8,2.66210007668,0.367594
winnow,qs,8,2.67833399773,0.364621
winnow,qs,8,2.67748904228,0.365172
winnow,qs,8,2.68502497673,0.367591
winnow,qs,8,2.69436192513,0.365294
winnow,qs,8,2.67316603661,0.36452
winnow,qs,8,2.67857503891,0.364505
winnow,qs,8,2.67162513733,0.36475
winnow,qs,16,2.53289008141,0.188896
winnow,qs,16,2.52130913734,0.185548
winnow,qs,16,2.52986288071,0.187712
winnow,qs,16,2.53768110275,0.190172
winnow,qs,16,2.52157521248,0.189307
winnow,qs,16,2.51839900017,0.185954
winnow,qs,16,2.53856992722,0.187231
winnow,qs,16,2.52573609352,0.187197
winnow,qs,16,2.51023197174,0.185821
winnow,qs,16,2.52946305275,0.187192
winnow,qs,16,2.53420209885,0.189047
winnow,qs,16,2.52057099342,0.185762
winnow,qs,16,2.52095103264,0.186304
winnow,qs,16,2.54856300354,0.185979
winnow,qs,16,2.52232599258,0.187872
winnow,qs,16,2.52822494507,0.186987
winnow,qs,16,2.52916097641,0.186604
winnow,qs,16,2.53263807297,0.186679
winnow,qs,16,2.5212328434,0.18801
winnow,qs,16,2.53396201134,0.187134
winnow,qs,32,2.54626178741,0.104189
winnow,qs,32,2.51366996765,0.09788
winnow,qs,32,2.5484161377,0.10547
winnow,qs,32,2.55905604362,0.104544
winnow,qs,32,2.54549980164,0.100962
winnow,qs,32,2.53908991814,0.102563
winnow,qs,32,2.51736402512,0.101268
winnow,qs,32,2.52481412888,0.099584
winnow,qs,32,2.51543998718,0.099151
winnow,qs,32,2.51966094971,0.103529
winnow,qs,32,2.55356407166,0.102934
winnow,qs,32,2.53269195557,0.103806
winnow,qs,32,2.530782938,0.100141
winnow,qs,32,2.54426598549,0.101309
winnow,qs,32,2.54793000221,0.100168
winnow,qs,32,2.53713488579,0.108447
winnow,qs,32,2.53899979591,0.101856
winnow,qs,32,2.5663819313,0.105325
winnow,qs,32,2.5666179657,0.103429
winnow,qs,32,2.56114912033,0.099591
outer,qs,1,2.58259916306,1.825727
outer,qs,1,2.52874994278,1.826503
outer,qs,1,2.53745698929,1.827919
outer,qs,1,2.53445100784,1.829513
outer,qs,1,2.53600597382,1.827093
outer,qs,1,2.54195284843,1.828495
outer,qs,1,2.52826404572,1.83115
outer,qs,1,2.56727313995,1.827793
outer,qs,1,2.53001284599,1.825409
outer,qs,1,2.52345991135,1.828896
outer,qs,1,2.52720880508,1.827259
outer,qs,1,2.52554798126,1.824415
outer,qs,1,2.5281689167,1.826649
outer,qs,1,2.53070807457,1.827354
outer,qs,1,2.53433299065,1.828409
outer,qs,1,2.52605295181,1.824799
outer,qs,1,2.52927207947,1.825707
outer,qs,1,2.52735495567,1.826229
outer,qs,1,2.54028296471,1.827221
outer,qs,1,2.52840185165,1.823841
outer,qs,2,1.63578796387,0.929168
outer,qs,2,1.63194108009,0.926376
outer,qs,2,1.61407804489,0.921633
outer,qs,2,1.60964608192,0.954681
outer,qs,2,1.60658693314,0.93099
outer,qs,2,1.62985086441,0.932761
outer,qs,2,1.63518095016,0.928288
outer,qs,2,1.60361886024,0.937361
outer,qs,2,1.61886000633,0.919436
outer,qs,2,1.60010385513,0.928546
outer,qs,2,1.6291539669,0.934134
outer,qs,2,1.6058909893,0.916606
outer,qs,2,1.63010907173,0.935896
outer,qs,2,1.60869693756,0.930868
outer,qs,2,1.61147212982,0.932505
outer,qs,2,1.60693907738,0.914736
outer,qs,2,1.60134911537,0.953707
outer,qs,2,1.61064195633,0.914768
outer,qs,2,1.60621809959,0.924627
outer,qs,2,1.60359096527,0.931968
outer,qs,4,1.14179301262,0.457343
outer,qs,4,1.14937901497,0.46571
outer,qs,4,1.13486719131,0.461327
outer,qs,4,1.17376685143,0.481291
outer,qs,4,1.15174818039,0.473576
outer,qs,4,1.14443922043,0.458196
outer,qs,4,1.14077496529,0.468006
outer,qs,4,1.14570498466,0.462461
outer,qs,4,1.15299510956,0.457544
outer,qs,4,1.13668704033,0.459797
outer,qs,4,1.14778900146,0.462793
outer,qs,4,1.14729213715,0.460125
outer,qs,4,1.15570020676,0.463368
outer,qs,4,1.14454007149,0.462333
outer,qs,4,1.14346909523,0.464052
outer,qs,4,1.16088199615,0.460336
outer,qs,4,1.15820789337,0.467431
outer,qs,4,1.14024496078,0.465476
outer,qs,4,1.14644694328,0.456488
outer,qs,4,1.13921785355,0.458272
outer,qs,8,0.920408964157,0.231757
outer,qs,8,0.922949075699,0.233488
outer,qs,8,0.918210029602,0.233679
outer,qs,8,0.929861068726,0.232973
outer,qs,8,0.928479909897,0.232979
outer,qs,8,0.913022041321,0.232584
outer,qs,8,0.929255962372,0.236083
outer,qs,8,0.910206079483,0.23211
outer,qs,8,0.945860862732,0.235597
outer,qs,8,0.924106121063,0.232564
outer,qs,8,0.930145025253,0.233146
outer,qs,8,0.934103965759,0.234603
outer,qs,8,0.930879116058,0.235941
outer,qs,8,0.92206287384,0.231835
outer,qs,8,0.919755935669,0.232713
outer,qs,8,0.930932998657,0.231969
outer,qs,8,0.917609930038,0.23359
outer,qs,8,0.919614076614,0.236775
outer,qs,8,0.925915956497,0.232605
outer,qs,8,0.928254127502,0.231877
outer,qs,16,0.878364086151,0.118159
outer,qs,16,0.899292945862,0.119877
outer,qs,16,0.864368915558,0.11955
outer,qs,16,0.859101057053,0.117926
outer,qs,16,0.880733966827,0.120574
outer,qs,16,0.872839927673,0.118106
outer,qs,16,0.886763095856,0.11875
outer,qs,16,0.868830919266,0.118067
outer,qs,16,0.887470960617,0.119455
outer,qs,16,0.872803926468,0.119472
outer,qs,16,0.876366138458,0.119364
outer,qs,16,0.880848169327,0.119778
outer,qs,16,0.875216007233,0.12052
outer,qs,16,0.868937015533,0.118308
outer,qs,16,0.885552883148,0.118078
outer,qs,16,0.878582000732,0.117642
outer,qs,16,0.885871887207,0.11803
outer,qs,16,0.855121850967,0.117957
outer,qs,16,0.87237906456,0.117976
outer,qs,16,0.879446029663,0.119398
outer,qs,32,0.88812494278,0.063416
outer,qs,32,0.880509853363,0.064164
outer,qs,32,0.883652210236,0.065114
outer,qs,32,0.862932920456,0.063215
outer,qs,32,0.876338005066,0.063373
outer,qs,32,0.881336927414,0.064445
outer,qs,32,0.87495303154,0.064213
outer,qs,32,0.879339933395,0.062115
outer,qs,32,0.863253831863,0.061916
outer,qs,32,0.888010025024,0.064534
outer,qs,32,0.88828086853,0.063042
outer,qs,32,0.885348081589,0.064343
outer,qs,32,0.876338005066,0.065088
outer,qs,32,0.873274087906,0.063124
outer,qs,32,0.890532016754,0.06471
outer,qs,32,0.87831401825,0.064904
outer,qs,32,0.883645057678,0.064312
outer,qs,32,0.879426956177,0.064126
outer,qs,32,0.881891965866,0.062583
outer,qs,32,0.870488166809,0.06273
product,qs,1,1.47053194046,0.288833
product,qs,1,1.44048500061,0.292769
product,qs,1,1.43896603584,0.290973
product,qs,1,1.43614602089,0.28757
product,qs,1,1.43256998062,0.282172
product,qs,1,1.44254183769,0.29503
product,qs,1,1.44920802116,0.30059
product,qs,1,1.43664002419,0.288318
product,qs,1,1.45633196831,0.30216
product,qs,1,1.44418907166,0.293815
product,qs,1,1.45980191231,0.308921
product,qs,1,1.44813704491,0.294971
product,qs,1,1.44016599655,0.291648
product,qs,1,1.43289899826,0.283531
product,qs,1,1.42963218689,0.281158
product,qs,1,1.44288492203,0.296368
product,qs,1,1.42742490768,0.276492
product,qs,1,1.45649695396,0.307185
product,qs,1,1.44115400314,0.291017
product,qs,1,1.45936203003,0.309751
product,qs,2,1.31015920639,0.148862
product,qs,2,1.31174397469,0.151923
product,qs,2,1.30827903748,0.146337
product,qs,2,1.4554541111,0.146799
product,qs,2,1.3076839447,0.145796
product,qs,2,1.31400513649,0.143663
product,qs,2,1.30768299103,0.147229
product,qs,2,1.31696105003,0.1503
product,qs,2,1.32605695724,0.144906
product,qs,2,1.31114292145,0.149069
product,qs,2,1.359333992,0.151255
product,qs,2,1.3209631443,0.149257
product,qs,2,1.31333303452,0.145444
product,qs,2,1.30874490738,0.147261
product,qs,2,1.31377482414,0.146364
product,qs,2,1.32400608063,0.156112
product,qs,2,1.28926587105,0.145737
product,qs,2,1.30185198784,0.147341
product,qs,2,1.31294298172,0.147553
product,qs,2,1.31979990005,0.149247
product,qs,4,1.26683807373,0.074392
product,qs,4,1.25525212288,0.075889
product,qs,4,1.31793093681,0.076822
product,qs,4,1.26603198051,0.078702
product,qs,4,1.27518582344,0.078446
product,qs,4,1.25528597832,0.073932
product,qs,4,1.24799394608,0.075054
product,qs,4,1.24609184265,0.074679
product,qs,4,1.25203204155,0.074099
product,qs,4,1.25949501991,0.075854
product,qs,4,1.25429797173,0.075297
product,qs,4,1.25350594521,0.0732
product,qs,4,1.2516169548,0.075596
product,qs,4,1.25224995613,0.074864
product,qs,4,1.25638079643,0.077224
product,qs,4,1.24336099625,0.074061
product,qs,4,1.24773406982,0.076584
product,qs,4,1.2666311264,0.076745
product,qs,4,1.2404692173,0.075298
product,qs,4,1.24851512909,0.073598
product,qs,8,1.22768688202,0.046045
product,qs,8,1.23352789879,0.041768
product,qs,8,1.23475003242,0.039006
product,qs,8,1.23277997971,0.0389
product,qs,8,1.22877693176,0.039565
product,qs,8,1.23840999603,0.039108
product,qs,8,1.24862790108,0.038489
product,qs,8,1.24161100388,0.039811
product,qs,8,1.22857499123,0.038656
product,qs,8,1.24012613297,0.041884
product,qs,8,1.23065018654,0.037718
product,qs,8,1.22519993782,0.039592
product,qs,8,1.23130202293,0.037528
product,qs,8,1.24207091331,0.03899
product,qs,8,1.23127698898,0.037605
product,qs,8,1.29906105995,0.040098
product,qs,8,1.21884012222,0.036866
product,qs,8,1.23642587662,0.036689
product,qs,8,1.23355102539,0.039147
product,qs,8,1.22592401505,0.037816
product,qs,16,1.27210593224,0.019516
product,qs,16,1.25915884972,0.020715
product,qs,16,1.2562289238,0.020879
product,qs,16,1.2710340023,0.020243
product,qs,16,1.24416184425,0.020115
product,qs,16,1.28315210342,0.020085
product,qs,16,1.24900102615,0.022065
product,qs,16,1.26376485825,0.020254
product,qs,16,1.25214385986,0.019485
product,qs,16,1.2492480278,0.020789
product,qs,16,1.268242836,0.020071
product,qs,16,1.25311684608,0.019871
product,qs,16,1.25791096687,0.019623
product,qs,16,1.24947094917,0.019355
product,qs,16,1.24282002449,0.018831
product,qs,16,1.25603604317,0.02132
product,qs,16,1.28739094734,0.020481
product,qs,16,1.26269888878,0.019941
product,qs,16,1.24999284744,0.020146
product,qs,16,1.2651720047,0.020221
product,qs,32,1.32807397842,0.010013
product,qs,32,1.33214879036,0.010836
product,qs,32,1.32091999054,0.010308
product,qs,32,1.30502104759,0.010106
product,qs,32,1.33457112312,0.010901
product,qs,32,1.33681917191,0.013252
product,qs,32,1.33099484444,0.010595
product,qs,32,1.31741404533,0.010697
product,qs,32,1.34988188744,0.011886
product,qs,32,1.31459498405,0.011432
product,qs,32,1.33042311668,0.010222
product,qs,32,1.3192179203,0.010845
product,qs,32,1.35472607613,0.010804
product,qs,32,1.32671809196,0.010437
product,qs,32,1.32839488983,0.010151
product,qs,32,1.3245100975,0.011056
product,qs,32,1.34221601486,0.01185
product,qs,32,1.33358812332,0.010829
product,qs,32,1.32053494453,0.011402
product,qs,32,1.33917403221,0.012282
chain,qs,1,5.47826004028,5.404022
chain,qs,1,5.44142198563,5.378724
chain,qs,1,5.44267892838,5.383306
chain,qs,1,5.43242001534,5.380236
chain,qs,1,5.46200180054,5.40302
chain,qs,1,5.438382864,5.380225
chain,qs,1,5.65082502365,5.387786
chain,qs,1,5.44297909737,5.38457
chain,qs,1,5.4666659832,5.402425
chain,qs,1,5.44576406479,5.388551
chain,qs,1,5.43995499611,5.378287
chain,qs,1,5.45190906525,5.391728
chain,qs,1,5.4759759903,5.364717
chain,qs,1,5.4475209713,5.389096
chain,qs,1,5.45247888565,5.39494
chain,qs,1,5.44169783592,5.381078
chain,qs,1,5.44298386574,5.385368
chain,qs,1,5.45198488235,5.39252
chain,qs,1,5.4265089035,5.365162
chain,qs,1,5.44453406334,5.386429
chain,qs,2,2.93248701096,2.753042
chain,qs,2,2.89754295349,2.741407
chain,qs,2,2.88879394531,2.742099
chain,qs,2,2.88295412064,2.747583
chain,qs,2,2.99259305,2.788437
chain,qs,2,2.83762598038,2.708808
chain,qs,2,2.89396882057,2.739407
chain,qs,2,2.95590114594,2.774394
chain,qs,2,2.92713689804,2.760352
chain,qs,2,2.89275097847,2.744701
chain,qs,2,2.87566685677,2.741567
chain,qs,2,2.89964914322,2.75387
chain,qs,2,2.88968014717,2.739457
chain,qs,2,2.93617105484,2.762064
chain,qs,2,2.86288809776,2.723508
chain,qs,2,2.8648648262,2.725363
chain,qs,2,2.82998895645,2.70924
chain,qs,2,2.8560051918,2.72466
chain,qs,2,2.88804197311,2.72993
chain,qs,2,3.00966787338,2.804335
chain,qs,4,1.56033587456,1.392497
chain,qs,4,1.56238293648,1.391679
chain,qs,4,1.54822301865,1.382683
chain,qs,4,1.58549904823,1.3908
chain,qs,4,1.55612206459,1.393455
chain,qs,4,1.62298703194,1.406471
chain,qs,4,1.56708097458,1.387713
chain,qs,4,1.546230793,1.376341
chain,qs,4,1.56049394608,1.390427
chain,qs,4,1.56591391563,1.392196
chain,qs,4,1.59445810318,1.399926
chain,qs,4,1.54125404358,1.381326
chain,qs,4,1.60037207603,1.403272
chain,qs,4,1.53227901459,1.377957
chain,qs,4,1.53646492958,1.385163
chain,qs,4,1.55101299286,1.391365
chain,qs,4,1.59150195122,1.404254
chain,qs,4,1.57659697533,1.396652
chain,qs,4,1.57336902618,1.393485
chain,qs,4,1.5581510067,1.395295
chain,qs,8,0.965091943741,0.744516
chain,qs,8,0.929697036743,0.739093
chain,qs,8,0.939727067947,0.738019
chain,qs,8,0.966534137726,0.735426
chain,qs,8,0.97136592865,0.737504
chain,qs,8,0.936110973358,0.739672
chain,qs,8,0.955616950989,0.730848
chain,qs,8,0.952196121216,0.752592
chain,qs,8,0.966107130051,0.737886
chain,qs,8,0.952219009399,0.737829
chain,qs,8,0.97239780426,0.740384
chain,qs,8,0.970762014389,0.741671
chain,qs,8,0.952764034271,0.738864
chain,qs,8,0.966743946075,0.746788
chain,qs,8,0.95739197731,0.741569
chain,qs,8,0.982547044754,0.743925
chain,qs,8,0.936648130417,0.740444
chain,qs,8,0.94643497467,0.736945
chain,qs,8,0.96555185318,0.743004
chain,qs,8,0.953958034515,0.736622
chain,qs,16,0.659265041351,0.401635
chain,qs,16,0.66651892662,0.39806
chain,qs,16,0.655580043793,0.39652
chain,qs,16,0.696527004242,0.421088
chain,qs,16,0.676640987396,0.401243
chain,qs,16,0.644762992859,0.390426
chain,qs,16,0.650012016296,0.402085
chain,qs,16,0.660776853561,0.403466
chain,qs,16,0.66060590744,0.397669
chain,qs,16,0.678730964661,0.397966
chain,qs,16,0.668856859207,0.398223
chain,qs,16,0.651522159576,0.401215
chain,qs,16,0.670217037201,0.402975
chain,qs,16,0.660584926605,0.401836
chain,qs,16,0.661865949631,0.391423
chain,qs,16,0.677324056625,0.40465
chain,qs,16,0.653167963028,0.397079
chain,qs,16,0.68359708786,0.405249
chain,qs,16,0.677072048187,0.40463
chain,qs,16,0.664729118347,0.396348
chain,qs,32,0.65366101265,0.248916
chain,qs,32,0.635694026947,0.240603
chain,qs,32,0.629412889481,0.241715
chain,qs,32,0.680497169495,0.249297
chain,qs,32,0.650814056396,0.257581
chain,qs,32,0.670176029205,0.245216
chain,qs,32,0.711293935776,0.269129
chain,qs,32,0.668605089188,0.277672
chain,qs,32,0.60847401619,0.241453
chain,qs,32,0.636693000793,0.248908
chain,qs,32,0.661588907242,0.24091
chain,qs,32,0.676964044571,0.273245
chain,qs,32,0.667334079742,0.242882
chain,qs,32,0.651628017426,0.239268
chain,qs,32,0.657832145691,0.262626
chain,qs,32,0.633928060532,0.251107
chain,qs,32,0.670749902725,0.268957
chain,qs,32,0.68659901619,0.263211
chain,qs,32,0.603554964066,0.239831
chain,qs,32,0.658889055252,0.26925
