Task,Variant,TotalTime,CompTime
condition,dsq,1.50653815269,1.50653815269
condition,d_q,1.48057198524,1.48057198524
condition,ds_,8.92602992058,8.92602992058
condition,d__,8.86699509621,8.86699509621
condition,dsq,1.49141097069,1.49141097069
condition,d_q,1.52742290497,1.52742290497
condition,ds_,8.92624592781,8.92624592781
condition,d__,8.91401100159,8.91401100159
condition,dsq,1.42104506493,1.42104506493
condition,d_q,1.51012516022,1.51012516022
condition,ds_,9.01813697815,9.01813697815
condition,d__,8.8033490181,8.8033490181
condition,dsq,1.48654103279,1.48654103279
condition,d_q,1.46820306778,1.46820306778
condition,ds_,9.00803017616,9.00803017616
condition,d__,8.92806982994,8.92806982994
condition,dsq,1.41039705276,1.41039705276
condition,d_q,1.4277150631,1.4277150631
condition,ds_,9.00150799751,9.00150799751
condition,d__,8.92810487747,8.92810487747
condition,dsq,1.56188678741,1.56188678741
condition,d_q,1.44876098633,1.44876098633
condition,ds_,8.90737009048,8.90737009048
condition,d__,9.00198602676,9.00198602676
condition,dsq,1.46534204483,1.46534204483
condition,d_q,1.39381289482,1.39381289482
condition,ds_,9.1547870636,9.1547870636
condition,d__,8.91262102127,8.91262102127
condition,dsq,1.50844097137,1.50844097137
condition,d_q,1.43838214874,1.43838214874
condition,ds_,8.88050794601,8.88050794601
condition,d__,8.84384989738,8.84384989738
condition,dsq,1.44470882416,1.44470882416
condition,d_q,1.54197692871,1.54197692871
condition,ds_,8.80896615982,8.80896615982
condition,d__,9.08402609825,9.08402609825
condition,dsq,1.53069996834,1.53069996834
condition,d_q,1.5316400528,1.5316400528
condition,ds_,8.99389386177,8.99389386177
condition,d__,8.92766499519,8.92766499519
condition,dsq,1.44348692894,1.44348692894
condition,d_q,1.46440410614,1.46440410614
condition,ds_,8.80689501762,8.80689501762
condition,d__,8.88183903694,8.88183903694
condition,dsq,1.48868489265,1.48868489265
condition,d_q,1.42027497292,1.42027497292
condition,ds_,8.93874382973,8.93874382973
condition,d__,8.93940401077,8.93940401077
condition,dsq,1.48846411705,1.48846411705
condition,d_q,1.48238921165,1.48238921165
condition,ds_,8.91709399223,8.91709399223
condition,d__,9.02667093277,9.02667093277
condition,dsq,1.49624609947,1.49624609947
condition,d_q,1.45843195915,1.45843195915
condition,ds_,8.80247592926,8.80247592926
condition,d__,9.06399798393,9.06399798393
condition,dsq,1.72790694237,1.72790694237
condition,d_q,1.41254401207,1.41254401207
condition,ds_,8.96223115921,8.96223115921
condition,d__,8.88866591454,8.88866591454
condition,dsq,1.53115606308,1.53115606308
condition,d_q,1.43638682365,1.43638682365
condition,ds_,8.97680401802,8.97680401802
condition,d__,8.87750005722,8.87750005722
condition,dsq,1.49925303459,1.49925303459
condition,d_q,1.49718093872,1.49718093872
condition,ds_,8.95869898796,8.95869898796
condition,d__,8.85650205612,8.85650205612
condition,dsq,1.5511341095,1.5511341095
condition,d_q,1.49128103256,1.49128103256
condition,ds_,8.8457698822,8.8457698822
condition,d__,8.99928808212,8.99928808212
condition,dsq,1.5652089119,1.5652089119
condition,d_q,1.49109482765,1.49109482765
condition,ds_,8.96695399284,8.96695399284
condition,d__,8.95515108109,8.95515108109
condition,dsq,1.44553399086,1.44553399086
condition,d_q,1.55424189568,1.55424189568
condition,ds_,8.82975792885,8.82975792885
condition,d__,8.95021986961,8.95021986961
mutex,dsq,0.477794885635,0.477794885635
mutex,d_q,0.465338945389,0.465338945389
mutex,ds_,0.44380402565,0.44380402565
mutex,d__,0.444828033447,0.444828033447
mutex,dsq,0.46496295929,0.46496295929
mutex,d_q,0.467169046402,0.467169046402
mutex,ds_,0.447774887085,0.447774887085
mutex,d__,0.441954135895,0.441954135895
mutex,dsq,0.465239048004,0.465239048004
mutex,d_q,0.469887971878,0.469887971878
mutex,ds_,0.445595026016,0.445595026016
mutex,d__,0.442424058914,0.442424058914
mutex,dsq,0.465538978577,0.465538978577
mutex,d_q,0.471113920212,0.471113920212
mutex,ds_,0.443790912628,0.443790912628
mutex,d__,0.435306072235,0.435306072235
mutex,dsq,0.471580028534,0.471580028534
mutex,d_q,0.472639083862,0.472639083862
mutex,ds_,0.442846059799,0.442846059799
mutex,d__,0.444975852966,0.444975852966
mutex,dsq,0.464443922043,0.464443922043
mutex,d_q,0.468894958496,0.468894958496
mutex,ds_,0.443295955658,0.443295955658
mutex,d__,0.453811168671,0.453811168671
mutex,dsq,0.476364135742,0.476364135742
mutex,d_q,0.474147081375,0.474147081375
mutex,ds_,0.430771827698,0.430771827698
mutex,d__,0.446964025497,0.446964025497
mutex,dsq,0.469427108765,0.469427108765
mutex,d_q,0.46370100975,0.46370100975
mutex,ds_,0.450783967972,0.450783967972
mutex,d__,0.44931602478,0.44931602478
mutex,dsq,0.467240095139,0.467240095139
mutex,d_q,0.465613126755,0.465613126755
mutex,ds_,0.444708108902,0.444708108902
mutex,d__,0.45180606842,0.45180606842
mutex,dsq,0.472638845444,0.472638845444
mutex,d_q,0.468652963638,0.468652963638
mutex,ds_,0.430774927139,0.430774927139
mutex,d__,0.464786052704,0.464786052704
mutex,dsq,0.481233119965,0.481233119965
mutex,d_q,0.472288131714,0.472288131714
mutex,ds_,0.461448907852,0.461448907852
mutex,d__,0.438122034073,0.438122034073
mutex,dsq,0.467370033264,0.467370033264
mutex,d_q,0.466325998306,0.466325998306
mutex,ds_,0.434673070908,0.434673070908
mutex,d__,0.444454193115,0.444454193115
mutex,dsq,0.465199947357,0.465199947357
mutex,d_q,0.460631847382,0.460631847382
mutex,ds_,0.449029922485,0.449029922485
mutex,d__,0.458240032196,0.458240032196
mutex,dsq,0.473732948303,0.473732948303
mutex,d_q,0.493731021881,0.493731021881
mutex,ds_,0.435039997101,0.435039997101
mutex,d__,0.453192949295,0.453192949295
mutex,dsq,0.47394990921,0.47394990921
mutex,d_q,0.469784975052,0.469784975052
mutex,ds_,0.459088087082,0.459088087082
mutex,d__,0.443098068237,0.443098068237
mutex,dsq,0.467184066772,0.467184066772
mutex,d_q,0.469769001007,0.469769001007
mutex,ds_,0.435759067535,0.435759067535
mutex,d__,0.434055089951,0.434055089951
mutex,dsq,0.472018957138,0.472018957138
mutex,d_q,0.467790126801,0.467790126801
mutex,ds_,0.436630964279,0.436630964279
mutex,d__,0.457982778549,0.457982778549
mutex,dsq,0.460228204727,0.460228204727
mutex,d_q,0.461268901825,0.461268901825
mutex,ds_,0.428542852402,0.428542852402
mutex,d__,0.457137107849,0.457137107849
mutex,dsq,0.463006973267,0.463006973267
mutex,d_q,0.466100931168,0.466100931168
mutex,ds_,0.443542003632,0.443542003632
mutex,d__,0.443060874939,0.443060874939
mutex,dsq,0.465902805328,0.465902805328
mutex,d_q,0.463984012604,0.463984012604
mutex,ds_,0.460360050201,0.460360050201
mutex,d__,0.457645893097,0.457645893097
prodcons,dsq,1.4166738987,1.4166738987
prodcons,d_q,1.27525186539,1.27525186539
prodcons,ds_,1.88609313965,1.88609313965
prodcons,d__,1.8653948307,1.8653948307
prodcons,dsq,1.56509208679,1.56509208679
prodcons,d_q,1.37805008888,1.37805008888
prodcons,ds_,1.866314888,1.866314888
prodcons,d__,1.8806180954,1.8806180954
prodcons,dsq,1.20206403732,1.20206403732
prodcons,d_q,1.47486805916,1.47486805916
prodcons,ds_,1.88421297073,1.88421297073
prodcons,d__,1.88211107254,1.88211107254
prodcons,dsq,1.2819788456,1.2819788456
prodcons,d_q,1.27466797829,1.27466797829
prodcons,ds_,1.89803409576,1.89803409576
prodcons,d__,1.90563201904,1.90563201904
prodcons,dsq,1.39891004562,1.39891004562
prodcons,d_q,1.36919283867,1.36919283867
prodcons,ds_,1.87400603294,1.87400603294
prodcons,d__,1.87982583046,1.87982583046
prodcons,dsq,1.35350513458,1.35350513458
prodcons,d_q,1.28701400757,1.28701400757
prodcons,ds_,1.88343405724,1.88343405724
prodcons,d__,1.86631894112,1.86631894112
prodcons,dsq,1.45574593544,1.45574593544
prodcons,d_q,1.37787604332,1.37787604332
prodcons,ds_,1.88769817352,1.88769817352
prodcons,d__,1.87468099594,1.87468099594
prodcons,dsq,1.61091399193,1.61091399193
prodcons,d_q,1.34161400795,1.34161400795
prodcons,ds_,1.88469815254,1.88469815254
prodcons,d__,1.86631083488,1.86631083488
prodcons,dsq,1.60372400284,1.60372400284
prodcons,d_q,1.34718418121,1.34718418121
prodcons,ds_,1.9073908329,1.9073908329
prodcons,d__,1.87756514549,1.87756514549
prodcons,dsq,1.48158812523,1.48158812523
prodcons,d_q,1.39734005928,1.39734005928
prodcons,ds_,1.85695385933,1.85695385933
prodcons,d__,1.89533400536,1.89533400536
prodcons,dsq,1.14467692375,1.14467692375
prodcons,d_q,1.48079109192,1.48079109192
prodcons,ds_,1.86687493324,1.86687493324
prodcons,d__,1.90279507637,1.90279507637
prodcons,dsq,1.14377999306,1.14377999306
prodcons,d_q,1.60567688942,1.60567688942
prodcons,ds_,1.89807510376,1.89807510376
prodcons,d__,1.88272500038,1.88272500038
prodcons,dsq,1.24793505669,1.24793505669
prodcons,d_q,1.53647398949,1.53647398949
prodcons,ds_,1.88432312012,1.88432312012
prodcons,d__,1.86278009415,1.86278009415
prodcons,dsq,1.24322509766,1.24322509766
prodcons,d_q,1.2117369175,1.2117369175
prodcons,ds_,1.89302802086,1.89302802086
prodcons,d__,1.87465906143,1.87465906143
prodcons,dsq,1.40355491638,1.40355491638
prodcons,d_q,1.40897202492,1.40897202492
prodcons,ds_,1.88437485695,1.88437485695
prodcons,d__,1.89239597321,1.89239597321
prodcons,dsq,1.47175598145,1.47175598145
prodcons,d_q,1.36571002007,1.36571002007
prodcons,ds_,1.90244317055,1.90244317055
prodcons,d__,1.89573478699,1.89573478699
prodcons,dsq,1.52597999573,1.52597999573
prodcons,d_q,1.30085992813,1.30085992813
prodcons,ds_,1.86671900749,1.86671900749
prodcons,d__,1.86058282852,1.86058282852
prodcons,dsq,1.56878089905,1.56878089905
prodcons,d_q,1.39382004738,1.39382004738
prodcons,ds_,1.88343000412,1.88343000412
prodcons,d__,1.86208701134,1.86208701134
prodcons,dsq,1.63330698013,1.63330698013
prodcons,d_q,1.25240898132,1.25240898132
prodcons,ds_,1.88833904266,1.88833904266
prodcons,d__,1.90342617035,1.90342617035
prodcons,dsq,1.59460616112,1.59460616112
prodcons,d_q,1.3846540451,1.3846540451
prodcons,ds_,1.90889215469,1.90889215469
prodcons,d__,1.88173794746,1.88173794746
threadring,dsq,5.81676411629,5.81676411629
threadring,d_q,5.86502695084,5.86502695084
threadring,ds_,5.31907105446,5.31907105446
threadring,d__,5.39863300323,5.39863300323
threadring,dsq,5.93279194832,5.93279194832
threadring,d_q,5.76042604446,5.76042604446
threadring,ds_,5.3538839817,5.3538839817
threadring,d__,5.22957801819,5.22957801819
threadring,dsq,5.85874199867,5.85874199867
threadring,d_q,5.8643951416,5.8643951416
threadring,ds_,5.38483405113,5.38483405113
threadring,d__,5.11390399933,5.11390399933
threadring,dsq,5.78795695305,5.78795695305
threadring,d_q,5.82047796249,5.82047796249
threadring,ds_,5.34235978127,5.34235978127
threadring,d__,5.24602913857,5.24602913857
threadring,dsq,5.70338988304,5.70338988304
threadring,d_q,5.81872797012,5.81872797012
threadring,ds_,5.09362912178,5.09362912178
threadring,d__,5.3389980793,5.3389980793
threadring,dsq,5.811439991,5.811439991
threadring,d_q,5.91190695763,5.91190695763
threadring,ds_,5.25849699974,5.25849699974
threadring,d__,5.39191102982,5.39191102982
threadring,dsq,5.8158288002,5.8158288002
threadring,d_q,5.70026111603,5.70026111603
threadring,ds_,5.34648609161,5.34648609161
threadring,d__,5.2178580761,5.2178580761
threadring,dsq,5.89144396782,5.89144396782
threadring,d_q,5.8836619854,5.8836619854
threadring,ds_,5.32899594307,5.32899594307
threadring,d__,5.18516302109,5.18516302109
threadring,dsq,5.66427493095,5.66427493095
threadring,d_q,5.91545915604,5.91545915604
threadring,ds_,5.39810299873,5.39810299873
threadring,d__,5.28511714935,5.28511714935
threadring,dsq,5.82564711571,5.82564711571
threadring,d_q,5.89823198318,5.89823198318
threadring,ds_,5.23974895477,5.23974895477
threadring,d__,5.41593813896,5.41593813896
threadring,dsq,5.90785312653,5.90785312653
threadring,d_q,5.9558801651,5.9558801651
threadring,ds_,5.30720090866,5.30720090866
threadring,d__,5.33554601669,5.33554601669
threadring,dsq,5.85191106796,5.85191106796
threadring,d_q,5.76197290421,5.76197290421
threadring,ds_,5.3637650013,5.3637650013
threadring,d__,5.34494996071,5.34494996071
threadring,dsq,5.83910012245,5.83910012245
threadring,d_q,5.70336818695,5.70336818695
threadring,ds_,5.33143901825,5.33143901825
threadring,d__,5.13404989243,5.13404989243
threadring,dsq,5.54767203331,5.54767203331
threadring,d_q,5.83085393906,5.83085393906
threadring,ds_,5.23924016953,5.23924016953
threadring,d__,5.24494409561,5.24494409561
threadring,dsq,5.79655194283,5.79655194283
threadring,d_q,5.93051695824,5.93051695824
threadring,ds_,5.22482299805,5.22482299805
threadring,d__,5.22460699081,5.22460699081
threadring,dsq,5.79082202911,5.79082202911
threadring,d_q,5.81807208061,5.81807208061
threadring,ds_,5.21885204315,5.21885204315
threadring,d__,5.39438009262,5.39438009262
threadring,dsq,5.75897598267,5.75897598267
threadring,d_q,5.81923508644,5.81923508644
threadring,ds_,5.36886501312,5.36886501312
threadring,d__,5.08109712601,5.08109712601
threadring,dsq,5.85945010185,5.85945010185
threadring,d_q,5.86312913895,5.86312913895
threadring,ds_,5.35832190514,5.35832190514
threadring,d__,5.15745782852,5.15745782852
threadring,dsq,5.75969409943,5.75969409943
threadring,d_q,5.8392188549,5.8392188549
threadring,ds_,5.37460899353,5.37460899353
threadring,d__,5.25960087776,5.25960087776
threadring,dsq,5.80869603157,5.80869603157
threadring,d_q,5.79021191597,5.79021191597
threadring,ds_,5.14767313004,5.14767313004
threadring,d__,5.33630394936,5.33630394936
chameneos,dsq,4.50241994858,4.50241994858
chameneos,d_q,4.44700980186,4.44700980186
chameneos,ds_,6.51293516159,6.51293516159
chameneos,d__,6.45177388191,6.45177388191
chameneos,dsq,4.90826392174,4.90826392174
chameneos,d_q,4.51699709892,4.51699709892
chameneos,ds_,6.24655389786,6.24655389786
chameneos,d__,6.84699201584,6.84699201584
chameneos,dsq,5.17927908897,5.17927908897
chameneos,d_q,4.5422770977,4.5422770977
chameneos,ds_,6.70049118996,6.70049118996
chameneos,d__,6.61400914192,6.61400914192
chameneos,dsq,4.6536989212,4.6536989212
chameneos,d_q,4.63281488419,4.63281488419
chameneos,ds_,6.4659819603,6.4659819603
chameneos,d__,6.18471503258,6.18471503258
chameneos,dsq,4.60859298706,4.60859298706
chameneos,d_q,4.49931788445,4.49931788445
chameneos,ds_,6.41450476646,6.41450476646
chameneos,d__,6.45484089851,6.45484089851
chameneos,dsq,4.74850320816,4.74850320816
chameneos,d_q,4.590031147,4.590031147
chameneos,ds_,6.92818713188,6.92818713188
chameneos,d__,6.89852881432,6.89852881432
chameneos,dsq,4.93601799011,4.93601799011
chameneos,d_q,4.52421998978,4.52421998978
chameneos,ds_,6.88950300217,6.88950300217
chameneos,d__,6.45948696136,6.45948696136
chameneos,dsq,4.68750500679,4.68750500679
chameneos,d_q,4.63159584999,4.63159584999
chameneos,ds_,6.71013498306,6.71013498306
chameneos,d__,6.81064510345,6.81064510345
chameneos,dsq,4.95362210274,4.95362210274
chameneos,d_q,4.64829206467,4.64829206467
chameneos,ds_,6.18040704727,6.18040704727
chameneos,d__,6.86607003212,6.86607003212
chameneos,dsq,4.41360902786,4.41360902786
chameneos,d_q,4.44592809677,4.44592809677
chameneos,ds_,7.07090497017,7.07090497017
chameneos,d__,6.85075807571,6.85075807571
chameneos,dsq,4.96804499626,4.96804499626
chameneos,d_q,4.95754480362,4.95754480362
chameneos,ds_,6.4296028614,6.4296028614
chameneos,d__,6.83896183968,6.83896183968
chameneos,dsq,4.92887496948,4.92887496948
chameneos,d_q,4.56735396385,4.56735396385
chameneos,ds_,6.22434806824,6.22434806824
chameneos,d__,6.30881905556,6.30881905556
chameneos,dsq,4.45077991486,4.45077991486
chameneos,d_q,4.47306895256,4.47306895256
chameneos,ds_,6.4636721611,6.4636721611
chameneos,d__,6.61189222336,6.61189222336
chameneos,dsq,4.71590018272,4.71590018272
chameneos,d_q,4.13196396828,4.13196396828
chameneos,ds_,6.66150999069,6.66150999069
chameneos,d__,6.33017396927,6.33017396927
chameneos,dsq,4.91873311996,4.91873311996
chameneos,d_q,4.89853405952,4.89853405952
chameneos,ds_,6.73739004135,6.73739004135
chameneos,d__,6.19953203201,6.19953203201
chameneos,dsq,4.46073794365,4.46073794365
chameneos,d_q,4.64049100876,4.64049100876
chameneos,ds_,6.01202917099,6.01202917099
chameneos,d__,6.59715199471,6.59715199471
chameneos,dsq,4.52397704124,4.52397704124
chameneos,d_q,4.64157986641,4.64157986641
chameneos,ds_,6.29889893532,6.29889893532
chameneos,d__,6.8106610775,6.8106610775
chameneos,dsq,4.84662103653,4.84662103653
chameneos,d_q,4.41281414032,4.41281414032
chameneos,ds_,6.34721517563,6.34721517563
chameneos,d__,6.79303216934,6.79303216934
chameneos,dsq,5.23815894127,5.23815894127
chameneos,d_q,5.11460709572,5.11460709572
chameneos,ds_,7.07867193222,7.07867193222
chameneos,d__,6.34795689583,6.34795689583
chameneos,dsq,5.31038403511,5.31038403511
chameneos,d_q,4.83855605125,4.83855605125
chameneos,ds_,6.72042393684,6.72042393684
chameneos,d__,6.40126395226,6.40126395226
randmat,dsq,0.24490404129,0.048605
randmat,d_q,0.618282079697,0.052513
randmat,ds_,0.251636981964,0.056942
randmat,d__,0.600030899048,0.047288
randmat,dsq,0.230031013489,0.046991
randmat,d_q,0.592293977737,0.041227
randmat,ds_,0.235401153564,0.052936
randmat,d__,0.581174850464,0.03856
randmat,dsq,0.234624147415,0.050775
randmat,d_q,0.608666181564,0.048576
randmat,ds_,0.214936971664,0.042039
randmat,d__,0.609809160233,0.045642
randmat,dsq,0.238330125809,0.041287
randmat,d_q,0.621406078339,0.045222
randmat,ds_,0.253453969955,0.052961
randmat,d__,0.601248025894,0.05179
randmat,dsq,0.239386796951,0.056107
randmat,d_q,0.589741945267,0.045592
randmat,ds_,0.234457969666,0.057288
randmat,d__,0.604763031006,0.054662
randmat,dsq,0.239112854004,0.049316
randmat,d_q,0.610867977142,0.060985
randmat,ds_,0.23753786087,0.048942
randmat,d__,0.88654589653,0.054823
randmat,dsq,0.219501972198,0.044195
randmat,d_q,0.613159894943,0.044788
randmat,ds_,0.236133098602,0.048364
randmat,d__,0.593082904816,0.044288
randmat,dsq,0.222847938538,0.047272
randmat,d_q,0.588866949081,0.039588
randmat,ds_,0.22635602951,0.043141
randmat,d__,0.610243082047,0.050592
randmat,dsq,0.269737005234,0.071105
randmat,d_q,0.660201072693,0.05498
randmat,ds_,0.206154823303,0.030608
randmat,d__,0.60623717308,0.060562
randmat,dsq,0.270431995392,0.065312
randmat,d_q,0.884186029434,0.046672
randmat,ds_,0.219558000565,0.045846
randmat,d__,0.59246301651,0.045409
randmat,dsq,0.252023935318,0.057014
randmat,d_q,0.59205198288,0.042477
randmat,ds_,0.245563030243,0.055752
randmat,d__,0.619277954102,0.047516
randmat,dsq,0.220445871353,0.044472
randmat,d_q,0.58936715126,0.046408
randmat,ds_,0.230664968491,0.045706
randmat,d__,0.613631010056,0.051742
randmat,dsq,0.276871919632,0.077153
randmat,d_q,0.594705104828,0.045396
randmat,ds_,0.240778923035,0.059362
randmat,d__,0.5979180336,0.046826
randmat,dsq,0.264300823212,0.069791
randmat,d_q,0.5876121521,0.053
randmat,ds_,0.230870962143,0.048201
randmat,d__,0.600802898407,0.044915
randmat,dsq,0.281081199646,0.064221
randmat,d_q,0.618782997131,0.053108
randmat,ds_,0.234446048737,0.054057
randmat,d__,0.58863401413,0.03784
randmat,dsq,0.271824836731,0.060217
randmat,d_q,0.620481014252,0.048234
randmat,ds_,0.242429018021,0.058103
randmat,d__,0.607652902603,0.055369
randmat,dsq,0.270889997482,0.053241
randmat,d_q,0.88734793663,0.056322
randmat,ds_,0.233561038971,0.049138
randmat,d__,0.59733915329,0.046176
randmat,dsq,0.22971701622,0.047047
randmat,d_q,0.601741075516,0.044614
randmat,ds_,0.221768856049,0.046959
randmat,d__,0.59695315361,0.040551
randmat,dsq,0.245297908783,0.064987
randmat,d_q,0.624181032181,0.057466
randmat,ds_,0.233959913254,0.050048
randmat,d__,0.596759080887,0.048818
randmat,dsq,0.226804018021,0.042773
randmat,d_q,0.600677967072,0.044784
randmat,ds_,0.231914997101,0.052328
randmat,d__,0.61696600914,0.050476
thresh,dsq,2.19378590584,0.094591
thresh,d_q,2.84914803505,0.098016
thresh,ds_,2.08970999718,0.099104
thresh,d__,3.11428785324,0.087593
thresh,dsq,2.2020111084,0.096126
thresh,d_q,2.86761498451,0.093081
thresh,ds_,2.05461096764,0.10615
thresh,d__,2.78273391724,0.087588
thresh,dsq,2.20260906219,0.0921
thresh,d_q,2.85001897812,0.092833
thresh,ds_,2.0720717907,0.101015
thresh,d__,2.80052113533,0.131186
thresh,dsq,2.14888882637,0.08543
thresh,d_q,2.86332988739,0.10196
thresh,ds_,2.07523798943,0.084437
thresh,d__,2.75143098831,0.090986
thresh,dsq,2.18352007866,0.086532
thresh,d_q,2.86023187637,0.092173
thresh,ds_,2.09168100357,0.085759
thresh,d__,2.69799804688,0.093191
thresh,dsq,2.20523095131,0.095363
thresh,d_q,2.89259290695,0.093164
thresh,ds_,2.09675502777,0.096246
thresh,d__,2.74090385437,0.091336
thresh,dsq,2.18161392212,0.098856
thresh,d_q,2.88727784157,0.097888
thresh,ds_,2.10490202904,0.096683
thresh,d__,2.75194692612,0.107716
thresh,dsq,2.26828408241,0.093436
thresh,d_q,2.8929040432,0.09243
thresh,ds_,2.06891989708,0.091268
thresh,d__,2.76010298729,0.104356
thresh,dsq,2.23470020294,0.090132
thresh,d_q,2.8614628315,0.095989
thresh,ds_,2.07373213768,0.104363
thresh,d__,2.73666715622,0.101042
thresh,dsq,2.2041759491,0.094987
thresh,d_q,2.87286996841,0.097841
thresh,ds_,2.1009581089,0.091212
thresh,d__,2.71243000031,0.091643
thresh,dsq,2.16825914383,0.092237
thresh,d_q,2.87230205536,0.097394
thresh,ds_,2.07364296913,0.10064
thresh,d__,2.73407506943,0.101295
thresh,dsq,2.19300413132,0.086317
thresh,d_q,2.87041401863,0.079922
thresh,ds_,2.03914117813,0.088096
thresh,d__,2.72054314613,0.094119
thresh,dsq,2.1646771431,0.092124
thresh,d_q,2.82899188995,0.095191
thresh,ds_,2.08743810654,0.086928
thresh,d__,2.71096611023,0.086225
thresh,dsq,2.16834592819,0.095488
thresh,d_q,2.85438108444,0.097384
thresh,ds_,2.13063597679,0.083225
thresh,d__,2.73682498932,0.092438
thresh,dsq,2.23406791687,0.091806
thresh,d_q,2.86027193069,0.096011
thresh,ds_,2.07866191864,0.090243
thresh,d__,2.81019711494,0.090062
thresh,dsq,2.18992710114,0.095672
thresh,d_q,2.86627101898,0.093652
thresh,ds_,2.05690002441,0.104634
thresh,d__,2.73275995255,0.085682
thresh,dsq,2.21659779549,0.096058
thresh,d_q,2.89697599411,0.094196
thresh,ds_,2.07362890244,0.105051
thresh,d__,2.71409106255,0.087284
thresh,dsq,2.19957709312,0.091099
thresh,d_q,2.88332009315,0.096247
thresh,ds_,2.07172703743,0.085241
thresh,d__,2.71839380264,0.092481
thresh,dsq,2.19752621651,0.0948
thresh,d_q,2.86531209946,0.083989
thresh,ds_,2.08423900604,0.091918
thresh,d__,2.82624292374,0.184195
thresh,dsq,2.20991897583,0.095467
thresh,d_q,2.86558508873,0.095214
thresh,ds_,2.09849500656,0.089598
thresh,d__,2.73149204254,0.092251
winnow,dsq,2.56170082092,0.106031
winnow,d_q,3.33947300911,0.102771
winnow,ds_,2.56677889824,0.098171
winnow,d__,3.43497395515,0.098324
winnow,dsq,2.55289983749,0.104197
winnow,d_q,3.51986503601,0.101712
winnow,ds_,2.56461787224,0.098517
winnow,d__,3.37524485588,0.096928
winnow,dsq,2.52315711975,0.099988
winnow,d_q,3.45517301559,0.099157
winnow,ds_,2.58338594437,0.097391
winnow,d__,3.3591299057,0.098738
winnow,dsq,2.52757906914,0.100489
winnow,d_q,3.35029792786,0.104395
winnow,ds_,2.56595015526,0.09725
winnow,d__,3.49496102333,0.098698
winnow,dsq,2.55106115341,0.100192
winnow,d_q,3.37654399872,0.099548
winnow,ds_,2.57117486,0.096455
winnow,d__,3.36037707329,0.098532
winnow,dsq,2.52745008469,0.10341
winnow,d_q,3.30760407448,0.09877
winnow,ds_,2.54065394402,0.097443
winnow,d__,3.37361598015,0.095768
winnow,dsq,2.50453090668,0.097968
winnow,d_q,3.31147098541,0.100159
winnow,ds_,2.57876801491,0.097832
winnow,d__,3.35127305984,0.098503
winnow,dsq,2.54862999916,0.104086
winnow,d_q,3.32245516777,0.101277
winnow,ds_,2.56419181824,0.098516
winnow,d__,3.3876709938,0.097655
winnow,dsq,2.53523492813,0.099694
winnow,d_q,3.36516690254,0.099661
winnow,ds_,2.58024406433,0.099155
winnow,d__,3.36296486855,0.097268
winnow,dsq,2.5182929039,0.100585
winnow,d_q,3.31997895241,0.099836
winnow,ds_,2.56969714165,0.09971
winnow,d__,3.38936018944,0.101359
winnow,dsq,2.5537519455,0.102109
winnow,d_q,3.35605502129,0.101115
winnow,ds_,2.5901081562,0.103922
winnow,d__,3.37867307663,0.100664
winnow,dsq,2.53429889679,0.100439
winnow,d_q,3.3215880394,0.100406
winnow,ds_,2.56001996994,0.098064
winnow,d__,3.40805387497,0.097692
winnow,dsq,2.5268778801,0.103864
winnow,d_q,3.3043358326,0.098111
winnow,ds_,2.5936729908,0.102303
winnow,d__,3.35556387901,0.098425
winnow,dsq,2.53579592705,0.103674
winnow,d_q,3.30986404419,0.098345
winnow,ds_,2.55498290062,0.097157
winnow,d__,3.35297012329,0.100231
winnow,dsq,2.539498806,0.101108
winnow,d_q,3.36389899254,0.098888
winnow,ds_,2.55843186378,0.102677
winnow,d__,3.32565283775,0.096052
winnow,dsq,2.53472495079,0.106817
winnow,d_q,3.31264996529,0.097893
winnow,ds_,2.59297084808,0.100139
winnow,d__,3.57385206223,0.097579
winnow,dsq,2.56429195404,0.100204
winnow,d_q,3.36498689651,0.100367
winnow,ds_,2.56295013428,0.101291
winnow,d__,3.31657505035,0.095363
winnow,dsq,2.53806900978,0.102861
winnow,d_q,3.3041369915,0.098128
winnow,ds_,2.60028290749,0.10086
winnow,d__,3.34519386292,0.101044
winnow,dsq,2.53692007065,0.101476
winnow,d_q,3.32209706306,0.098141
winnow,ds_,2.56992506981,0.096322
winnow,d__,3.3802690506,0.099492
winnow,dsq,2.5285859108,0.10017
winnow,d_q,3.3201508522,0.098099
winnow,ds_,2.55567097664,0.096481
winnow,d__,3.38896799088,0.095391
outer,dsq,0.893529891968,0.064217
outer,d_q,1.26592612267,0.063397
outer,ds_,0.883141040802,0.06729
outer,d__,1.24371480942,0.061824
outer,dsq,0.885979890823,0.062383
outer,d_q,1.26771402359,0.065325
outer,ds_,0.867387056351,0.066774
outer,d__,1.23301506042,0.062175
outer,dsq,0.874206781387,0.063239
outer,d_q,1.23407387733,0.062023
outer,ds_,0.885449171066,0.066426
outer,d__,1.22495508194,0.06417
outer,dsq,0.876784801483,0.062389
outer,d_q,1.22683405876,0.066631
outer,ds_,0.871868848801,0.061926
outer,d__,1.22550988197,0.065793
outer,dsq,0.865208864212,0.062592
outer,d_q,1.21539592743,0.062763
outer,ds_,0.874269008636,0.064274
outer,d__,1.23184704781,0.064918
outer,dsq,0.879197120667,0.061315
outer,d_q,1.25111699104,0.063108
outer,ds_,0.873426914215,0.065993
outer,d__,1.22580099106,0.064216
outer,dsq,0.878431081772,0.062492
outer,d_q,1.24146795273,0.063009
outer,ds_,0.870199918747,0.065709
outer,d__,1.23008298874,0.06507
outer,dsq,0.883810997009,0.0637
outer,d_q,1.24065995216,0.06327
outer,ds_,0.89800786972,0.066039
outer,d__,1.44373393059,0.064079
outer,dsq,0.881478071213,0.06442
outer,d_q,1.2365219593,0.063885
outer,ds_,0.87591791153,0.063226
outer,d__,1.24869704247,0.06652
outer,dsq,0.880909919739,0.064592
outer,d_q,1.23643898964,0.064977
outer,ds_,0.888427019119,0.067461
outer,d__,1.22271609306,0.061401
outer,dsq,0.87421298027,0.061686
outer,d_q,1.24270415306,0.066076
outer,ds_,0.884756803513,0.066432
outer,d__,1.24005794525,0.065228
outer,dsq,0.891086101532,0.065252
outer,d_q,1.24668598175,0.064188
outer,ds_,0.869976997375,0.064427
outer,d__,1.427765131,0.06299
outer,dsq,0.88341999054,0.065474
outer,d_q,1.25911808014,0.063146
outer,ds_,0.873605966568,0.066588
outer,d__,1.24142003059,0.065077
outer,dsq,0.895215988159,0.063551
outer,d_q,1.23072004318,0.062714
outer,ds_,0.88063621521,0.064475
outer,d__,1.23364806175,0.064459
outer,dsq,0.873912096024,0.063249
outer,d_q,1.24246311188,0.066036
outer,ds_,0.869145154953,0.065714
outer,d__,1.2383351326,0.061454
outer,dsq,0.891218900681,0.064838
outer,d_q,1.23936009407,0.064362
outer,ds_,0.867611885071,0.062721
outer,d__,1.25043606758,0.064604
outer,dsq,0.883204936981,0.064057
outer,d_q,1.22927999496,0.06287
outer,ds_,0.86465716362,0.065228
outer,d__,1.21339583397,0.061159
outer,dsq,0.892476081848,0.064412
outer,d_q,1.2191119194,0.066402
outer,ds_,0.871924161911,0.060799
outer,d__,1.22283697128,0.064689
outer,dsq,0.888664007187,0.062556
outer,d_q,1.24264907837,0.063588
outer,ds_,0.88635802269,0.06504
outer,d__,1.2199819088,0.063953
outer,dsq,0.871819019318,0.06297
outer,d_q,1.22933292389,0.064176
outer,ds_,0.876473903656,0.063002
outer,d__,1.21201610565,0.064504
product,dsq,1.3521490097,0.010227
product,d_q,1.77645587921,0.010517
product,ds_,1.29944014549,0.009733
product,d__,1.75467205048,0.01033
product,dsq,1.36059093475,0.010428
product,d_q,1.78514409065,0.012272
product,ds_,1.30407190323,0.010477
product,d__,1.72329592705,0.011346
product,dsq,1.35267782211,0.01051
product,d_q,1.75669193268,0.010431
product,ds_,1.29210305214,0.010913
product,d__,1.77655816078,0.009349
product,dsq,1.33459806442,0.010254
product,d_q,1.7436709404,0.011536
product,ds_,1.29389095306,0.010156
product,d__,1.72167396545,0.011147
product,dsq,1.32440090179,0.010782
product,d_q,1.82331705093,0.010763
product,ds_,1.30621385574,0.009833
product,d__,1.71650195122,0.011653
product,dsq,1.32852005959,0.012238
product,d_q,1.84658098221,0.011846
product,ds_,1.33981013298,0.010389
product,d__,1.7211151123,0.009935
product,dsq,1.33641195297,0.011977
product,d_q,1.78187298775,0.010238
product,ds_,1.28814411163,0.011049
product,d__,1.72639083862,0.010578
product,dsq,1.33198904991,0.010826
product,d_q,1.75914978981,0.011267
product,ds_,1.30035686493,0.009607
product,d__,1.71247220039,0.010396
product,dsq,1.3506360054,0.010738
product,d_q,1.75178384781,0.010167
product,ds_,1.28228902817,0.010893
product,d__,1.70685815811,0.010561
product,dsq,1.3376660347,0.010601
product,d_q,1.75886797905,0.010553
product,ds_,1.30512499809,0.011013
product,d__,1.73765587807,0.011499
product,dsq,1.33550906181,0.011829
product,d_q,1.75714087486,0.010884
product,ds_,1.26373004913,0.011098
product,d__,1.72791004181,0.01219
product,dsq,1.33861517906,0.010869
product,d_q,1.72288990021,0.010254
product,ds_,1.26352095604,0.010856
product,d__,1.722178936,0.013107
product,dsq,1.32408499718,0.010163
product,d_q,1.76184105873,0.012834
product,ds_,1.30548095703,0.010994
product,d__,1.71416807175,0.01082
product,dsq,1.34179401398,0.011233
product,d_q,1.81423807144,0.011016
product,ds_,1.27864098549,0.010867
product,d__,1.74753022194,0.009797
product,dsq,1.31876802444,0.010998
product,d_q,1.75119900703,0.010707
product,ds_,1.343998909,0.010565
product,d__,1.71537995338,0.010379
product,dsq,1.32047986984,0.010681
product,d_q,1.75959897041,0.01151
product,ds_,1.32818007469,0.01086
product,d__,1.70293307304,0.010777
product,dsq,1.33611798286,0.011464
product,d_q,1.75488805771,0.010552
product,ds_,1.30865812302,0.011598
product,d__,1.80758404732,0.011007
product,dsq,1.33156585693,0.010795
product,d_q,1.77275514603,0.012243
product,ds_,1.3054459095,0.010807
product,d__,1.73254585266,0.010067
product,dsq,1.32371687889,0.010691
product,d_q,1.74570012093,0.011081
product,ds_,1.3067920208,0.010089
product,d__,1.71913385391,0.010371
product,dsq,1.34526205063,0.01098
product,d_q,1.76502418518,0.010546
product,ds_,1.30637598038,0.010703
product,d__,1.72384309769,0.011695
chain,dsq,0.690061092377,0.257596
chain,d_q,0.689827203751,0.249265
chain,ds_,0.510704040527,0.223983
chain,d__,0.650247097015,0.259176
chain,dsq,0.64995098114,0.244178
chain,d_q,0.690606117249,0.240776
chain,ds_,0.556210041046,0.243287
chain,d__,0.578456163406,0.236208
chain,dsq,0.675713777542,0.246308
chain,d_q,0.656913042068,0.240924
chain,ds_,0.540814161301,0.238952
chain,d__,0.564315080643,0.230834
chain,dsq,0.722343206406,0.284644
chain,d_q,0.750612020493,0.256824
chain,ds_,0.535130023956,0.230444
chain,d__,0.56650519371,0.226483
chain,dsq,0.645565986633,0.249823
chain,d_q,0.694015979767,0.244637
chain,ds_,0.530181884766,0.229286
chain,d__,0.579233884811,0.235931
chain,dsq,0.686284065247,0.260434
chain,d_q,0.687689781189,0.245366
chain,ds_,0.514513969421,0.224098
chain,d__,0.598600149155,0.230498
chain,dsq,0.57267999649,0.239641
chain,d_q,0.668847084045,0.249852
chain,ds_,0.549001932144,0.23189
chain,d__,0.597930908203,0.229375
chain,dsq,0.667135953903,0.248379
chain,d_q,0.706986188889,0.285112
chain,ds_,0.561558961868,0.252518
chain,d__,0.595285892487,0.237765
chain,dsq,0.643877029419,0.254818
chain,d_q,0.730849027634,0.251227
chain,ds_,0.569669961929,0.251666
chain,d__,0.614817142487,0.248652
chain,dsq,0.648015975952,0.237524
chain,d_q,0.682606935501,0.242777
chain,ds_,0.52871799469,0.230966
chain,d__,0.588101863861,0.232096
chain,dsq,0.629154920578,0.248833
chain,d_q,0.715537071228,0.245151
chain,ds_,0.542528867722,0.246224
chain,d__,0.571468114853,0.235484
chain,dsq,0.619386911392,0.241383
chain,d_q,0.718566179276,0.244122
chain,ds_,0.564969062805,0.257461
chain,d__,0.566276073456,0.229073
chain,dsq,0.669449090958,0.248427
chain,d_q,0.705983161926,0.260054
chain,ds_,0.524490118027,0.234159
chain,d__,0.610798120499,0.247241
chain,dsq,0.650788068771,0.266146
chain,d_q,0.662341117859,0.238024
chain,ds_,0.526801109314,0.236349
chain,d__,0.600836992264,0.246795
chain,dsq,0.667110919952,0.247501
chain,d_q,0.690480947495,0.252844
chain,ds_,0.537606954575,0.239305
chain,d__,0.599141836166,0.235222
chain,dsq,0.639924049377,0.246811
chain,d_q,0.681230783463,0.250655
chain,ds_,0.559854984283,0.241724
chain,d__,0.584383010864,0.241273
chain,dsq,0.685939073563,0.245225
chain,d_q,0.716767072678,0.26653
chain,ds_,0.559961795807,0.248717
chain,d__,0.553519964218,0.22388
chain,dsq,0.617058992386,0.240329
chain,d_q,0.744870901108,0.243771
chain,ds_,0.51805305481,0.237068
chain,d__,0.57888507843,0.239547
chain,dsq,0.633821964264,0.250077
chain,d_q,0.734883069992,0.244495
chain,ds_,0.517707109451,0.229666
chain,d__,0.623878955841,0.252984
chain,dsq,0.604897022247,0.234308
chain,d_q,0.75474691391,0.272176
chain,ds_,0.532075881958,0.235585
chain,d__,0.58118891716,0.239127
condition,___,12.5140371323,12.5140371323
condition,_sq,1.85150003433,1.85150003433
condition,_s_,12.3043839931,12.3043839931
condition,___,11.9495420456,11.9495420456
condition,_sq,1.74726915359,1.74726915359
condition,_s_,12.2573931217,12.2573931217
condition,___,12.5458118916,12.5458118916
condition,_sq,1.72694277763,1.72694277763
condition,_s_,12.3800370693,12.3800370693
condition,___,12.6313109398,12.6313109398
condition,_sq,1.65382289886,1.65382289886
condition,_s_,12.8376729488,12.8376729488
condition,___,12.4367558956,12.4367558956
condition,_sq,1.82756495476,1.82756495476
condition,_s_,12.1083028316,12.1083028316
condition,___,12.2833478451,12.2833478451
condition,_sq,1.71233797073,1.71233797073
condition,_s_,12.3280570507,12.3280570507
condition,___,12.2773060799,12.2773060799
condition,_sq,1.89537000656,1.89537000656
condition,_s_,12.5495238304,12.5495238304
condition,___,12.2336418629,12.2336418629
condition,_sq,1.84033989906,1.84033989906
condition,_s_,12.319729805,12.319729805
condition,___,13.2525579929,13.2525579929
condition,_sq,1.76644802094,1.76644802094
condition,_s_,12.5325520039,12.5325520039
condition,___,12.6081950665,12.6081950665
condition,_sq,1.76484513283,1.76484513283
condition,_s_,12.4448859692,12.4448859692
condition,___,12.7995929718,12.7995929718
condition,_sq,1.76452898979,1.76452898979
condition,_s_,12.5500710011,12.5500710011
condition,___,12.6418058872,12.6418058872
condition,_sq,1.86933898926,1.86933898926
condition,_s_,12.4220252037,12.4220252037
condition,___,12.0689709187,12.0689709187
condition,_sq,1.8089261055,1.8089261055
condition,_s_,12.5332360268,12.5332360268
condition,___,12.0419371128,12.0419371128
condition,_sq,1.91480112076,1.91480112076
condition,_s_,12.3608870506,12.3608870506
condition,___,12.2727200985,12.2727200985
condition,_sq,1.73619604111,1.73619604111
condition,_s_,12.4262549877,12.4262549877
condition,___,12.3267788887,12.3267788887
condition,_sq,1.81256699562,1.81256699562
condition,_s_,12.5472331047,12.5472331047
condition,___,12.1098089218,12.1098089218
condition,_sq,1.80785894394,1.80785894394
condition,_s_,12.3299329281,12.3299329281
condition,___,12.4777228832,12.4777228832
condition,_sq,1.98923993111,1.98923993111
condition,_s_,12.8727149963,12.8727149963
condition,___,12.2800860405,12.2800860405
condition,_sq,1.77425098419,1.77425098419
condition,_s_,12.5220508575,12.5220508575
condition,___,12.5108098984,12.5108098984
condition,_sq,1.79253411293,1.79253411293
condition,_s_,12.1272470951,12.1272470951
mutex,___,0.465284824371,0.465284824371
mutex,_sq,0.452060937881,0.452060937881
mutex,_s_,0.444032907486,0.444032907486
mutex,___,0.441573143005,0.441573143005
mutex,_sq,0.454583883286,0.454583883286
mutex,_s_,0.431511878967,0.431511878967
mutex,___,0.446570158005,0.446570158005
mutex,_sq,0.452225208282,0.452225208282
mutex,_s_,0.439205169678,0.439205169678
mutex,___,0.442351102829,0.442351102829
mutex,_sq,0.4489569664,0.4489569664
mutex,_s_,0.444053888321,0.444053888321
mutex,___,0.447098970413,0.447098970413
mutex,_sq,0.449493169785,0.449493169785
mutex,_s_,0.449030160904,0.449030160904
mutex,___,0.443954944611,0.443954944611
mutex,_sq,0.457159042358,0.457159042358
mutex,_s_,0.437201023102,0.437201023102
mutex,___,0.435864925385,0.435864925385
mutex,_sq,0.453136920929,0.453136920929
mutex,_s_,0.438263893127,0.438263893127
mutex,___,0.445882081985,0.445882081985
mutex,_sq,0.450954914093,0.450954914093
mutex,_s_,0.448745012283,0.448745012283
mutex,___,0.445153951645,0.445153951645
mutex,_sq,0.456927061081,0.456927061081
mutex,_s_,0.440773963928,0.440773963928
mutex,___,0.447181940079,0.447181940079
mutex,_sq,0.446435928345,0.446435928345
mutex,_s_,0.44552898407,0.44552898407
mutex,___,0.432119131088,0.432119131088
mutex,_sq,0.461790084839,0.461790084839
mutex,_s_,0.44627904892,0.44627904892
mutex,___,0.457722902298,0.457722902298
mutex,_sq,0.45486998558,0.45486998558
mutex,_s_,0.453011035919,0.453011035919
mutex,___,0.442347049713,0.442347049713
mutex,_sq,0.457205057144,0.457205057144
mutex,_s_,0.442185163498,0.442185163498
mutex,___,0.442549228668,0.442549228668
mutex,_sq,0.456004142761,0.456004142761
mutex,_s_,0.445806980133,0.445806980133
mutex,___,0.432028055191,0.432028055191
mutex,_sq,0.457620859146,0.457620859146
mutex,_s_,0.438544034958,0.438544034958
mutex,___,0.44239616394,0.44239616394
mutex,_sq,0.450104951859,0.450104951859
mutex,_s_,0.441606044769,0.441606044769
mutex,___,0.441853046417,0.441853046417
mutex,_sq,0.447023153305,0.447023153305
mutex,_s_,0.434988021851,0.434988021851
mutex,___,0.453080177307,0.453080177307
mutex,_sq,0.458639860153,0.458639860153
mutex,_s_,0.44486117363,0.44486117363
mutex,___,0.440304994583,0.440304994583
mutex,_sq,0.460910081863,0.460910081863
mutex,_s_,0.434579133987,0.434579133987
mutex,___,0.434269189835,0.434269189835
mutex,_sq,0.447632074356,0.447632074356
mutex,_s_,0.435420036316,0.435420036316
prodcons,___,3.72119998932,3.72119998932
prodcons,_sq,2.08976411819,2.08976411819
prodcons,_s_,3.64845299721,3.64845299721
prodcons,___,3.78214693069,3.78214693069
prodcons,_sq,2.13358998299,2.13358998299
prodcons,_s_,3.75344705582,3.75344705582
prodcons,___,3.60444402695,3.60444402695
prodcons,_sq,2.00385713577,2.00385713577
prodcons,_s_,3.71418094635,3.71418094635
prodcons,___,3.75949811935,3.75949811935
prodcons,_sq,1.90191197395,1.90191197395
prodcons,_s_,3.75491309166,3.75491309166
prodcons,___,3.6955769062,3.6955769062
prodcons,_sq,2.07744503021,2.07744503021
prodcons,_s_,3.77236318588,3.77236318588
prodcons,___,3.71339797974,3.71339797974
prodcons,_sq,1.84613418579,1.84613418579
prodcons,_s_,3.70333480835,3.70333480835
prodcons,___,3.69070410728,3.69070410728
prodcons,_sq,2.19467020035,2.19467020035
prodcons,_s_,3.66711902618,3.66711902618
prodcons,___,3.73576402664,3.73576402664
prodcons,_sq,2.00366306305,2.00366306305
prodcons,_s_,3.75882101059,3.75882101059
prodcons,___,3.82208490372,3.82208490372
prodcons,_sq,2.08646798134,2.08646798134
prodcons,_s_,3.64052391052,3.64052391052
prodcons,___,3.71095395088,3.71095395088
prodcons,_sq,1.948595047,1.948595047
prodcons,_s_,3.75657391548,3.75657391548
prodcons,___,3.75310397148,3.75310397148
prodcons,_sq,2.14850091934,2.14850091934
prodcons,_s_,3.65577411652,3.65577411652
prodcons,___,3.7446308136,3.7446308136
prodcons,_sq,1.88170599937,1.88170599937
prodcons,_s_,3.71306705475,3.71306705475
prodcons,___,3.74509906769,3.74509906769
prodcons,_sq,2.17888498306,2.17888498306
prodcons,_s_,3.71300792694,3.71300792694
prodcons,___,3.73266410828,3.73266410828
prodcons,_sq,1.97941708565,1.97941708565
prodcons,_s_,3.70192193985,3.70192193985
prodcons,___,3.69150400162,3.69150400162
prodcons,_sq,2.20840907097,2.20840907097
prodcons,_s_,3.76526618004,3.76526618004
prodcons,___,3.62606096268,3.62606096268
prodcons,_sq,2.00302791595,2.00302791595
prodcons,_s_,3.7347881794,3.7347881794
prodcons,___,3.75648808479,3.75648808479
prodcons,_sq,2.18635606766,2.18635606766
prodcons,_s_,3.72469902039,3.72469902039
prodcons,___,3.66211700439,3.66211700439
prodcons,_sq,1.97801613808,1.97801613808
prodcons,_s_,3.70578384399,3.70578384399
prodcons,___,3.71266293526,3.71266293526
prodcons,_sq,2.1782271862,2.1782271862
prodcons,_s_,3.66855287552,3.66855287552
prodcons,___,3.77029013634,3.77029013634
prodcons,_sq,1.98538398743,1.98538398743
prodcons,_s_,3.73884892464,3.73884892464
threadring,___,17.1649971008,17.1649971008
threadring,_sq,16.5761189461,16.5761189461
threadring,_s_,16.923812151,16.923812151
threadring,___,17.1810109615,17.1810109615
threadring,_sq,16.0916597843,16.0916597843
threadring,_s_,17.4264791012,17.4264791012
threadring,___,16.860585928,16.860585928
threadring,_sq,16.2602319717,16.2602319717
threadring,_s_,17.0231609344,17.0231609344
threadring,___,17.0346231461,17.0346231461
threadring,_sq,16.3550341129,16.3550341129
threadring,_s_,17.3089768887,17.3089768887
threadring,___,17.0858309269,17.0858309269
threadring,_sq,16.4660789967,16.4660789967
threadring,_s_,16.9944331646,16.9944331646
threadring,___,16.8778071404,16.8778071404
threadring,_sq,16.5778758526,16.5778758526
threadring,_s_,17.1740958691,17.1740958691
threadring,___,16.7894790173,16.7894790173
threadring,_sq,16.4979598522,16.4979598522
threadring,_s_,16.7491679192,16.7491679192
threadring,___,17.2883248329,17.2883248329
threadring,_sq,16.7288398743,16.7288398743
threadring,_s_,16.8172461987,16.8172461987
threadring,___,16.9726130962,16.9726130962
threadring,_sq,16.1840491295,16.1840491295
threadring,_s_,17.4832408428,17.4832408428
threadring,___,17.0458099842,17.0458099842
threadring,_sq,16.5014958382,16.5014958382
threadring,_s_,18.336286068,18.336286068
threadring,___,17.5335490704,17.5335490704
threadring,_sq,16.1477451324,16.1477451324
threadring,_s_,17.0666110516,17.0666110516
threadring,___,17.1356551647,17.1356551647
threadring,_sq,16.3204300404,16.3204300404
threadring,_s_,17.2109031677,17.2109031677
threadring,___,16.887583971,16.887583971
threadring,_sq,16.5717120171,16.5717120171
threadring,_s_,16.9166419506,16.9166419506
threadring,___,16.8583409786,16.8583409786
threadring,_sq,16.5120899677,16.5120899677
threadring,_s_,16.7705538273,16.7705538273
threadring,___,16.8413131237,16.8413131237
threadring,_sq,16.7250220776,16.7250220776
threadring,_s_,17.4479401112,17.4479401112
threadring,___,16.9018950462,16.9018950462
threadring,_sq,16.1767809391,16.1767809391
threadring,_s_,16.4753379822,16.4753379822
threadring,___,16.9285960197,16.9285960197
threadring,_sq,16.3040370941,16.3040370941
threadring,_s_,16.9782128334,16.9782128334
threadring,___,17.0055499077,17.0055499077
threadring,_sq,16.895056963,16.895056963
threadring,_s_,16.5368020535,16.5368020535
threadring,___,17.2850518227,17.2850518227
threadring,_sq,16.7458178997,16.7458178997
threadring,_s_,17.1626799107,17.1626799107
threadring,___,16.5138990879,16.5138990879
threadring,_sq,16.8122260571,16.8122260571
threadring,_s_,16.8765809536,16.8765809536
chameneos,___,21.4774641991,21.4774641991
chameneos,_sq,16.6999320984,16.6999320984
chameneos,_s_,21.6524610519,21.6524610519
chameneos,___,21.6022639275,21.6022639275
chameneos,_sq,16.7350430489,16.7350430489
chameneos,_s_,21.5193221569,21.5193221569
chameneos,___,21.0173840523,21.0173840523
chameneos,_sq,16.5903410912,16.5903410912
chameneos,_s_,21.7816898823,21.7816898823
chameneos,___,21.5971429348,21.5971429348
chameneos,_sq,16.8340301514,16.8340301514
chameneos,_s_,21.9725761414,21.9725761414
chameneos,___,21.7356910706,21.7356910706
chameneos,_sq,16.8665781021,16.8665781021
chameneos,_s_,21.779489994,21.779489994
chameneos,___,21.2213361263,21.2213361263
chameneos,_sq,16.7288210392,16.7288210392
chameneos,_s_,21.5715711117,21.5715711117
chameneos,___,21.3971741199,21.3971741199
chameneos,_sq,16.5794019699,16.5794019699
chameneos,_s_,21.7280459404,21.7280459404
chameneos,___,21.6469619274,21.6469619274
chameneos,_sq,16.7848370075,16.7848370075
chameneos,_s_,21.4277048111,21.4277048111
chameneos,___,21.3798921108,21.3798921108
chameneos,_sq,16.707255125,16.707255125
chameneos,_s_,21.3140969276,21.3140969276
chameneos,___,21.6259930134,21.6259930134
chameneos,_sq,16.3052489758,16.3052489758
chameneos,_s_,21.8450570107,21.8450570107
chameneos,___,21.3573181629,21.3573181629
chameneos,_sq,16.4343810081,16.4343810081
chameneos,_s_,21.3078629971,21.3078629971
chameneos,___,21.4138507843,21.4138507843
chameneos,_sq,16.7080590725,16.7080590725
chameneos,_s_,21.5326290131,21.5326290131
chameneos,___,21.4197840691,21.4197840691
chameneos,_sq,16.8597550392,16.8597550392
chameneos,_s_,21.3681209087,21.3681209087
chameneos,___,21.7001271248,21.7001271248
chameneos,_sq,17.0315520763,17.0315520763
chameneos,_s_,21.5167679787,21.5167679787
chameneos,___,21.2620401382,21.2620401382
chameneos,_sq,16.8725628853,16.8725628853
chameneos,_s_,21.5155630112,21.5155630112
chameneos,___,21.4038939476,21.4038939476
chameneos,_sq,16.7588148117,16.7588148117
chameneos,_s_,21.3519120216,21.3519120216
chameneos,___,21.3342821598,21.3342821598
chameneos,_sq,16.6235079765,16.6235079765
chameneos,_s_,21.4494769573,21.4494769573
chameneos,___,21.0298199654,21.0298199654
chameneos,_sq,16.7674620152,16.7674620152
chameneos,_s_,21.671350956,21.671350956
chameneos,___,21.261343956,21.261343956
chameneos,_sq,16.6585819721,16.6585819721
chameneos,_s_,21.8060610294,21.8060610294
chameneos,___,21.3698339462,21.3698339462
chameneos,_sq,16.5840699673,16.5840699673
chameneos,_s_,21.5356869698,21.5356869698
randmat,___,64.4871451855,0.04205
randmat,_sq,0.299439907074,0.066386
randmat,_s_,0.239195108414,0.053251
randmat,___,64.4622550011,0.049253
randmat,_sq,0.260442018509,0.064756
randmat,_s_,0.252721071243,0.050381
randmat,___,64.7022120953,0.057866
randmat,_sq,0.272174119949,0.058461
randmat,_s_,0.209223031998,0.036698
randmat,___,64.8522758484,0.045701
randmat,_sq,0.255182027817,0.047641
randmat,_s_,0.239233016968,0.047466
randmat,___,64.3848540783,0.038416
randmat,_sq,0.280596971512,0.053312
randmat,_s_,0.217623949051,0.041404
randmat,___,63.9690361023,0.044506
randmat,_sq,0.252599954605,0.049074
randmat,_s_,0.247679948807,0.055019
randmat,___,63.5224440098,0.05402
randmat,_sq,0.22306394577,0.034792
randmat,_s_,0.241959095001,0.04572
randmat,___,63.5903630257,0.052941
randmat,_sq,0.229929924011,0.037943
randmat,_s_,0.250977039337,0.051456
randmat,___,64.488409996,0.049161
randmat,_sq,0.238083124161,0.04166
randmat,_s_,0.234723091125,0.054616
randmat,___,63.6956939697,0.061489
randmat,_sq,0.258115053177,0.044436
randmat,_s_,0.219826936722,0.03755
randmat,___,65.0841059685,0.058934
randmat,_sq,0.257375001907,0.041782
randmat,_s_,0.223587036133,0.048174
randmat,___,64.4187541008,0.052553
randmat,_sq,0.257616996765,0.054749
randmat,_s_,0.201369047165,0.034265
randmat,___,64.2290551662,0.041729
randmat,_sq,0.247404098511,0.046256
randmat,_s_,0.242467164993,0.050615
randmat,___,64.7235469818,0.056676
randmat,_sq,0.276831865311,0.050645
randmat,_s_,0.210087060928,0.03991
randmat,___,63.9822940826,0.052943
randmat,_sq,0.265154123306,0.05775
randmat,_s_,0.242874860764,0.048256
randmat,___,64.5253300667,0.048064
randmat,_sq,0.241549968719,0.040016
randmat,_s_,0.24879193306,0.042527
randmat,___,65.0105051994,0.03933
randmat,_sq,0.302352905273,0.058635
randmat,_s_,0.248782157898,0.052528
randmat,___,64.0011060238,0.040343
randmat,_sq,0.264918088913,0.048518
randmat,_s_,0.213334083557,0.043
randmat,___,64.519562006,0.042935
randmat,_sq,0.262117147446,0.049052
randmat,_s_,0.225086212158,0.046413
randmat,___,64.418407917,0.050639
randmat,_sq,0.25172495842,0.046113
randmat,_s_,0.231787919998,0.040833
thresh,___,131.238415956,0.089043
thresh,_sq,2.23291802406,0.095603
thresh,_s_,2.12407279015,0.100409
thresh,___,129.956084967,0.081911
thresh,_sq,2.18328309059,0.082939
thresh,_s_,2.10508298874,0.087577
thresh,___,129.184583902,0.122202
thresh,_sq,2.25566697121,0.092196
thresh,_s_,2.12479782104,0.126589
thresh,___,128.303174973,0.093311
thresh,_sq,2.20822691917,0.085624
thresh,_s_,2.07492685318,0.092416
thresh,___,127.988111019,0.091534
thresh,_sq,2.21592187881,0.096235
thresh,_s_,2.07192587852,0.102885
thresh,___,128.764277935,0.167176
thresh,_sq,2.21708607674,0.091654
thresh,_s_,2.08760690689,0.093588
thresh,___,128.819886923,0.093681
thresh,_sq,2.199685812,0.097461
thresh,_s_,2.07958507538,0.090137
thresh,___,128.482645035,0.101599
thresh,_sq,2.15757894516,0.08953
thresh,_s_,2.13797020912,0.122539
thresh,___,128.789503098,0.091751
thresh,_sq,2.23031115532,0.106209
thresh,_s_,2.11020302773,0.100201
thresh,___,128.686568022,0.112928
thresh,_sq,2.24151492119,0.096041
thresh,_s_,2.08758807182,0.10069
thresh,___,128.319053888,0.106121
thresh,_sq,2.23066306114,0.095047
thresh,_s_,2.13772106171,0.122946
thresh,___,128.916412115,0.098861
thresh,_sq,2.2339720726,0.090453
thresh,_s_,2.094383955,0.100276
thresh,___,133.159351826,0.087816
thresh,_sq,2.20288014412,0.092966
thresh,_s_,2.13148784637,0.11089
thresh,___,128.251513004,0.100563
thresh,_sq,2.19781112671,0.099471
thresh,_s_,2.08474206924,0.115262
thresh,___,128.748948812,0.097185
thresh,_sq,2.2716050148,0.086578
thresh,_s_,2.10951495171,0.091217
thresh,___,129.922127962,0.1485
thresh,_sq,2.25903105736,0.087037
thresh,_s_,2.09002900124,0.095635
thresh,___,128.237309217,0.090209
thresh,_sq,2.18594694138,0.089335
thresh,_s_,2.09302210808,0.098285
thresh,___,128.726008892,0.096905
thresh,_sq,2.20960283279,0.096753
thresh,_s_,2.13160204887,0.121331
thresh,___,128.594789982,0.105198
thresh,_sq,2.21391201019,0.097241
thresh,_s_,2.08127498627,0.091437
thresh,___,130.552273989,0.091504
thresh,_sq,2.21794390678,0.096238
thresh,_s_,2.13367199898,0.128401
winnow,___,129.525168896,0.099111
winnow,_sq,3.06271195412,0.105784
winnow,_s_,3.01932883263,0.101719
winnow,___,129.385741949,0.10012
winnow,_sq,3.04564118385,0.101396
winnow,_s_,3.0750079155,0.098668
winnow,___,130.547674894,0.095701
winnow,_sq,3.10154604912,0.100423
winnow,_s_,3.05060195923,0.099593
winnow,___,129.128973961,0.097112
winnow,_sq,3.08599281311,0.101753
winnow,_s_,3.05945301056,0.098727
winnow,___,128.795556068,0.097957
winnow,_sq,3.07379102707,0.103898
winnow,_s_,3.08222317696,0.102186
winnow,___,132.11870718,0.100279
winnow,_sq,3.05856919289,0.1016
winnow,_s_,3.03368902206,0.102535
winnow,___,129.242773056,0.097856
winnow,_sq,3.06418800354,0.101687
winnow,_s_,3.07940602303,0.09864
winnow,___,129.398192883,0.0953
winnow,_sq,3.10443115234,0.102005
winnow,_s_,3.0166208744,0.098791
winnow,___,128.746954918,0.100627
winnow,_sq,3.03735685349,0.101394
winnow,_s_,2.99484014511,0.099254
winnow,___,129.891674042,0.099644
winnow,_sq,3.04476189613,0.100348
winnow,_s_,3.03812003136,0.09771
winnow,___,129.147501945,0.097285
winnow,_sq,3.04018688202,0.102348
winnow,_s_,3.08684396744,0.10456
winnow,___,128.754277945,0.099978
winnow,_sq,3.0300090313,0.099752
winnow,_s_,2.99686598778,0.098958
winnow,___,129.073662996,0.095751
winnow,_sq,3.06385707855,0.102996
winnow,_s_,3.01898908615,0.102697
winnow,___,128.34366107,0.097814
winnow,_sq,3.07563090324,0.104454
winnow,_s_,3.0384759903,0.104546
winnow,___,131.644212008,0.096578
winnow,_sq,3.02966094017,0.101551
winnow,_s_,3.10729193687,0.10107
winnow,___,131.313480854,0.097597
winnow,_sq,3.04464507103,0.10259
winnow,_s_,3.04175496101,0.100183
winnow,___,127.972465038,0.096287
winnow,_sq,3.03249502182,0.103598
winnow,_s_,3.02709913254,0.098953
winnow,___,129.258822918,0.100112
winnow,_sq,3.05985307693,0.100204
winnow,_s_,3.05879712105,0.099107
winnow,___,129.056199074,0.098368
winnow,_sq,3.10019111633,0.102204
winnow,_s_,3.05274200439,0.100302
winnow,___,128.599938154,0.099581
winnow,_sq,3.03321385384,0.103059
winnow,_s_,3.0789539814,0.099369
outer,___,64.8938961029,0.05829
outer,_sq,0.906637907028,0.06447
outer,_s_,0.879966974258,0.066098
outer,___,66.4237968922,0.058654
outer,_sq,0.916237831116,0.067858
outer,_s_,0.87758898735,0.064938
outer,___,63.675360918,0.05856
outer,_sq,0.920892000198,0.064329
outer,_s_,0.88379907608,0.063506
outer,___,64.5315937996,0.058597
outer,_sq,0.928366184235,0.065852
outer,_s_,0.867224216461,0.066614
outer,___,66.8111338615,0.058024
outer,_sq,0.914515972137,0.06347
outer,_s_,0.876672029495,0.066282
outer,___,64.4818658829,0.058241
outer,_sq,0.904080867767,0.063518
outer,_s_,0.895591974258,0.067498
outer,___,64.1011447906,0.057989
outer,_sq,0.915109157562,0.064776
outer,_s_,0.902668952942,0.06708
outer,___,64.2088711262,0.058578
outer,_sq,0.93030500412,0.064747
outer,_s_,0.897166967392,0.066589
outer,___,64.0764291286,0.058136
outer,_sq,0.905548095703,0.063821
outer,_s_,0.886215925217,0.066145
outer,___,64.4490759373,0.058421
outer,_sq,0.909518957138,0.061806
outer,_s_,0.884765863419,0.066303
outer,___,64.2105519772,0.058212
outer,_sq,0.932263851166,0.063782
outer,_s_,0.868532180786,0.066441
outer,___,63.9311819077,0.059019
outer,_sq,0.916661977768,0.06457
outer,_s_,0.890003919601,0.067832
outer,___,63.7380070686,0.058157
outer,_sq,0.922328948975,0.063768
outer,_s_,0.879233121872,0.067099
outer,___,65.314065218,0.058244
outer,_sq,0.907503128052,0.064039
outer,_s_,0.874243974686,0.062511
outer,___,65.6159851551,0.057909
outer,_sq,0.913047075272,0.067941
outer,_s_,0.901538848877,0.070067
outer,___,64.2475709915,0.05817
outer,_sq,0.920206069946,0.065518
outer,_s_,0.888094186783,0.06788
outer,___,64.8696649075,0.058314
outer,_sq,0.898559093475,0.064577
outer,_s_,0.890215873718,0.066194
outer,___,65.0676729679,0.058194
outer,_sq,0.917533159256,0.066127
outer,_s_,0.871621131897,0.065521
outer,___,64.2067308426,0.058125
outer,_sq,0.937969923019,0.067488
outer,_s_,0.894565820694,0.063314
outer,___,64.3732998371,0.058352
outer,_sq,0.903074979782,0.064686
outer,_s_,0.875288009644,0.062087
product,___,64.3352708817,0.009983
product,_sq,1.35864019394,0.011044
product,_s_,1.29328083992,0.00937
product,___,65.4851357937,0.010882
product,_sq,1.37924790382,0.010195
product,_s_,1.31421804428,0.010423
product,___,64.4162609577,0.010484
product,_sq,1.40160512924,0.010703
product,_s_,1.28865790367,0.011216
product,___,64.0798220634,0.01042
product,_sq,1.37724494934,0.010657
product,_s_,1.32748007774,0.011889
product,___,64.9766161442,0.009845
product,_sq,1.36652398109,0.010811
product,_s_,1.32552099228,0.010157
product,___,64.2608230114,0.010102
product,_sq,1.34627509117,0.01017
product,_s_,1.31213402748,0.011325
product,___,64.4299759865,0.008647
product,_sq,1.37048506737,0.011686
product,_s_,1.31061005592,0.010987
product,___,64.42948699,0.010237
product,_sq,1.37818193436,0.011763
product,_s_,1.28414702415,0.010172
product,___,64.7722320557,0.011078
product,_sq,1.37219595909,0.011153
product,_s_,1.30219888687,0.010192
product,___,63.9666509628,0.010681
product,_sq,1.33702611923,0.010367
product,_s_,1.29696297646,0.010224
product,___,64.4798750877,0.010366
product,_sq,1.35533595085,0.011031
product,_s_,1.30699396133,0.010578
product,___,65.5899589062,0.009967
product,_sq,1.34663486481,0.010179
product,_s_,1.31074213982,0.010118
product,___,65.4766440392,0.01058
product,_sq,1.35400891304,0.01041
product,_s_,1.29219985008,0.010872
product,___,64.9981029034,0.010031
product,_sq,1.36746501923,0.012049
product,_s_,1.29627203941,0.0126
product,___,66.0398030281,0.010122
product,_sq,1.34442687035,0.010832
product,_s_,1.2822470665,0.01308
product,___,65.8628668785,0.010514
product,_sq,1.38457012177,0.010407
product,_s_,1.33867001534,0.010831
product,___,64.7602469921,0.009298
product,_sq,1.35885500908,0.009623
product,_s_,1.32933020592,0.010932
product,___,64.7337880135,0.012293
product,_sq,1.40105390549,0.012462
product,_s_,1.30312776566,0.011605
product,___,64.6145849228,0.010592
product,_sq,1.35302782059,0.012067
product,_s_,1.30800914764,0.010758
product,___,64.4710168839,0.012709
product,_sq,1.35124802589,0.010772
product,_s_,1.31923103333,0.011687
chain,___,8.77558088303,0.221626
chain,_sq,0.662001132965,0.253206
chain,_s_,0.559428215027,0.253607
chain,___,8.80108618736,0.23521
chain,_sq,0.603249073029,0.24421
chain,_s_,0.539843082428,0.231925
chain,___,8.80597805977,0.224736
chain,_sq,0.619587898254,0.247687
chain,_s_,0.540901899338,0.237366
chain,___,8.80431294441,0.23815
chain,_sq,0.656627178192,0.245836
chain,_s_,0.607511043549,0.262673
chain,___,8.8222079277,0.251387
chain,_sq,0.718957185745,0.270624
chain,_s_,0.591999053955,0.267368
chain,___,8.83744001389,0.226936
chain,_sq,0.699118852615,0.247178
chain,_s_,0.579408884048,0.242764
chain,___,8.83941316605,0.252147
chain,_sq,0.676971197128,0.253154
chain,_s_,0.555780887604,0.241589
chain,___,9.23286318779,0.245909
chain,_sq,0.645016908646,0.249579
chain,_s_,0.550252914429,0.237461
chain,___,8.8032579422,0.235729
chain,_sq,0.620194196701,0.253308
chain,_s_,0.531388998032,0.229345
chain,___,8.84675908089,0.240316
chain,_sq,0.6589448452,0.253484
chain,_s_,0.542254924774,0.237297
chain,___,8.88659095764,0.23425
chain,_sq,0.630574941635,0.25053
chain,_s_,0.524790048599,0.233209
chain,___,8.78894901276,0.237713
chain,_sq,0.648102045059,0.251494
chain,_s_,0.526593923569,0.22972
chain,___,8.93074798584,0.228206
chain,_sq,0.635076999664,0.253442
chain,_s_,0.553352117538,0.2375
chain,___,8.86477899551,0.225904
chain,_sq,0.617254972458,0.245471
chain,_s_,0.566399097443,0.247359
chain,___,8.7556848526,0.222586
chain,_sq,0.662510871887,0.257528
chain,_s_,0.558089971542,0.240733
chain,___,9.18545222282,0.234815
chain,_sq,0.676940917969,0.248114
chain,_s_,0.55996799469,0.247648
chain,___,9.15551805496,0.223447
chain,_sq,0.655334949493,0.258055
chain,_s_,0.55161690712,0.241899
chain,___,9.08854794502,0.242564
chain,_sq,0.704907894135,0.258102
chain,_s_,0.611202001572,0.272356
chain,___,8.84654211998,0.233525
chain,_sq,0.684849977493,0.257268
chain,_s_,0.51268696785,0.226201
chain,___,8.80956888199,0.244433
chain,_sq,0.666655063629,0.24281
chain,_s_,0.573229074478,0.266404
condition,__q,1.75402092934,1.75402092934
condition,__q,1.85328698158,1.85328698158
condition,__q,1.77584195137,1.77584195137
condition,__q,1.78305602074,1.78305602074
condition,__q,1.7692592144,1.7692592144
condition,__q,1.83412098885,1.83412098885
condition,__q,1.7349691391,1.7349691391
condition,__q,1.77416491508,1.77416491508
condition,__q,1.72267913818,1.72267913818
condition,__q,1.84361004829,1.84361004829
condition,__q,1.71640706062,1.71640706062
condition,__q,1.75611114502,1.75611114502
condition,__q,1.63531398773,1.63531398773
condition,__q,1.85169410706,1.85169410706
condition,__q,1.70025014877,1.70025014877
condition,__q,1.84152889252,1.84152889252
condition,__q,1.77671313286,1.77671313286
condition,__q,1.75793600082,1.75793600082
condition,__q,1.91758012772,1.91758012772
condition,__q,1.75782895088,1.75782895088
mutex,__q,0.459809064865,0.459809064865
mutex,__q,0.458023071289,0.458023071289
mutex,__q,0.45721411705,0.45721411705
mutex,__q,0.457454204559,0.457454204559
mutex,__q,0.448838949203,0.448838949203
mutex,__q,0.450649023056,0.450649023056
mutex,__q,0.455838918686,0.455838918686
mutex,__q,0.451829910278,0.451829910278
mutex,__q,0.456027030945,0.456027030945
mutex,__q,0.459396839142,0.459396839142
mutex,__q,0.459316015244,0.459316015244
mutex,__q,0.456254959106,0.456254959106
mutex,__q,0.455004930496,0.455004930496
mutex,__q,0.453263044357,0.453263044357
mutex,__q,0.452157974243,0.452157974243
mutex,__q,0.456517934799,0.456517934799
mutex,__q,0.465724945068,0.465724945068
mutex,__q,0.45547580719,0.45547580719
mutex,__q,0.45934510231,0.45934510231
mutex,__q,0.457268953323,0.457268953323
prodcons,__q,1.91670513153,1.91670513153
prodcons,__q,1.99826598167,1.99826598167
prodcons,__q,1.92346692085,1.92346692085
prodcons,__q,1.99626994133,1.99626994133
prodcons,__q,1.98638415337,1.98638415337
prodcons,__q,1.9023399353,1.9023399353
prodcons,__q,2.05015802383,2.05015802383
prodcons,__q,1.97538495064,1.97538495064
prodcons,__q,2.02365112305,2.02365112305
prodcons,__q,2.07962799072,2.07962799072
prodcons,__q,2.00069379807,2.00069379807
prodcons,__q,2.07596516609,2.07596516609
prodcons,__q,1.93315291405,1.93315291405
prodcons,__q,2.01120114326,2.01120114326
prodcons,__q,1.98688006401,1.98688006401
prodcons,__q,1.71687507629,1.71687507629
prodcons,__q,2.03074789047,2.03074789047
prodcons,__q,2.10471606255,2.10471606255
prodcons,__q,2.00090122223,2.00090122223
prodcons,__q,1.97859096527,1.97859096527
threadring,__q,16.5903029442,16.5903029442
threadring,__q,16.3536131382,16.3536131382
threadring,__q,16.552531004,16.552531004
threadring,__q,16.2502338886,16.2502338886
threadring,__q,16.5102348328,16.5102348328
threadring,__q,16.5602509975,16.5602509975
threadring,__q,16.3151879311,16.3151879311
threadring,__q,16.675011158,16.675011158
threadring,__q,16.4230458736,16.4230458736
threadring,__q,16.3861010075,16.3861010075
threadring,__q,16.0751059055,16.0751059055
threadring,__q,16.8584630489,16.8584630489
threadring,__q,16.3242630959,16.3242630959
threadring,__q,16.2457680702,16.2457680702
threadring,__q,15.7506840229,15.7506840229
threadring,__q,16.4116330147,16.4116330147
threadring,__q,16.6573240757,16.6573240757
threadring,__q,16.5059001446,16.5059001446
threadring,__q,16.2973310947,16.2973310947
threadring,__q,16.5361609459,16.5361609459
chameneos,__q,16.6564929485,16.6564929485
chameneos,__q,16.2998948097,16.2998948097
chameneos,__q,16.6665430069,16.6665430069
chameneos,__q,16.536593914,16.536593914
chameneos,__q,16.7063920498,16.7063920498
chameneos,__q,16.7026929855,16.7026929855
chameneos,__q,16.402009964,16.402009964
chameneos,__q,16.530326128,16.530326128
chameneos,__q,16.3646099567,16.3646099567
chameneos,__q,16.3962070942,16.3962070942
chameneos,__q,16.6866760254,16.6866760254
chameneos,__q,16.8216609955,16.8216609955
chameneos,__q,16.6825830936,16.6825830936
chameneos,__q,16.45535779,16.45535779
chameneos,__q,16.558604002,16.558604002
chameneos,__q,16.6857099533,16.6857099533
chameneos,__q,16.5944299698,16.5944299698
chameneos,__q,16.4141819477,16.4141819477
chameneos,__q,16.3662068844,16.3662068844
chameneos,__q,16.2514648438,16.2514648438
randmat,__q,65.9839339256,0.048558
randmat,__q,66.2350850105,0.048796
randmat,__q,65.154750824,0.050144
randmat,__q,65.7698359489,0.041087
randmat,__q,66.0872271061,0.047797
randmat,__q,65.8949491978,0.044081
randmat,__q,66.3239738941,0.05009
randmat,__q,65.4843850136,0.047854
randmat,__q,65.7094438076,0.06619
randmat,__q,66.5921339989,0.048618
randmat,__q,64.9759449959,0.055638
randmat,__q,65.1143369675,0.053301
randmat,__q,64.9890270233,0.065687
randmat,__q,66.9154839516,0.054181
randmat,__q,68.0173890591,0.056632
randmat,__q,66.0267088413,0.051953
randmat,__q,65.0055389404,0.060432
randmat,__q,64.9968860149,0.049984
randmat,__q,66.7028460503,0.049223
randmat,__q,64.2739229202,0.045329
thresh,__q,133.644756794,0.088052
thresh,__q,131.321208,0.084823
thresh,__q,134.0905509,0.093531
thresh,__q,133.430001974,0.087345
thresh,__q,132.162952185,0.093991
thresh,__q,140.624557018,0.095046
thresh,__q,130.109110117,0.093013
thresh,__q,132.409180164,0.084037
thresh,__q,131.220144033,0.093057
thresh,__q,134.25135994,0.093038
thresh,__q,130.391103029,0.085319
thresh,__q,131.214676857,0.110842
thresh,__q,130.905367136,0.093308
thresh,__q,131.241101027,0.092875
thresh,__q,129.945309877,0.084381
thresh,__q,132.948714972,0.090006
thresh,__q,130.824393988,0.088366
thresh,__q,129.263158798,0.089986
thresh,__q,131.99842,0.090105
thresh,__q,132.971682072,0.0915
winnow,__q,131.923208952,0.098979
winnow,__q,134.370724916,0.103613
winnow,__q,132.286473989,0.104732
winnow,__q,132.584970236,0.098543
winnow,__q,131.911247015,0.101181
winnow,__q,131.840586901,0.101041
winnow,__q,133.243535995,0.102675
winnow,__q,131.424767017,0.099051
winnow,__q,131.455950022,0.100289
winnow,__q,130.944829226,0.103749
winnow,__q,131.536799908,0.101561
winnow,__q,133.294695854,0.101191
winnow,__q,134.757473946,0.105193
winnow,__q,131.354136944,0.099541
winnow,__q,131.407852888,0.100088
winnow,__q,134.203801155,0.102599
winnow,__q,133.910560131,0.10098
winnow,__q,131.233829975,0.100705
winnow,__q,131.253413916,0.100911
winnow,__q,133.055582047,0.10138
outer,__q,66.3512609005,0.0605
outer,__q,65.4465229511,0.05969
outer,__q,65.8984229565,0.059688
outer,__q,66.8123259544,0.060523
outer,__q,65.5807249546,0.061065
outer,__q,67.1639120579,0.059843
outer,__q,65.9647481441,0.06039
outer,__q,66.8970580101,0.060521
outer,__q,64.7877421379,0.059945
outer,__q,65.0415599346,0.059964
outer,__q,64.7563529015,0.059521
outer,__q,65.4722511768,0.059237
outer,__q,66.3673830032,0.060466
outer,__q,64.6406540871,0.059204
outer,__q,66.0366148949,0.061696
outer,__q,66.2701721191,0.059776
outer,__q,66.295897007,0.059798
outer,__q,64.6688728333,0.060372
outer,__q,67.1167581081,0.05966
outer,__q,65.9589591026,0.060632
product,__q,65.3764419556,0.009873
product,__q,67.3655209541,0.009483
product,__q,65.4096529484,0.009825
product,__q,65.6894321442,0.010809
product,__q,67.2532470226,0.01079
product,__q,65.5896289349,0.009449
product,__q,65.3775141239,0.009347
product,__q,65.6230220795,0.011154
product,__q,67.7065520287,0.008812
product,__q,65.3063869476,0.009944
product,__q,67.0456969738,0.010012
product,__q,67.4258358479,0.010206
product,__q,65.4932861328,0.01029
product,__q,65.5660479069,0.010357
product,__q,65.4771790504,0.010315
product,__q,67.1236729622,0.010724
product,__q,67.5688171387,0.008954
product,__q,67.4076271057,0.009925
product,__q,66.7071390152,0.009862
product,__q,66.3836371899,0.01032
chain,__q,9.24708199501,0.255991
chain,__q,9.2424390316,0.250659
chain,__q,9.16941404343,0.259697
chain,__q,10.1099669933,0.247897
chain,__q,9.32082104683,0.244922
chain,__q,8.94966101646,0.237663
chain,__q,9.22054696083,0.25598
chain,__q,9.34452080727,0.262865
chain,__q,9.17197394371,0.278923
chain,__q,9.24208879471,0.245391
chain,__q,9.13873696327,0.24474
chain,__q,9.12213683128,0.242146
chain,__q,9.23401713371,0.253309
chain,__q,9.31163191795,0.245861
chain,__q,9.18273591995,0.269935
chain,__q,9.04384303093,0.238481
chain,__q,9.47300004959,0.249611
chain,__q,9.22345399857,0.235901
chain,__q,9.26464319229,0.238257
chain,__q,9.1172041893,0.245334
